t,feet,ft/s,slip,ft/s/s,amps/10,Vm,run=10.71_6in.CSV build=2013-12-18_905p Kro=10.0 Krv= 0.0 Kf=0.7 Vspec=12.0 Tspec=343.4 Wspec= 5310 Ispec=133.0 Rcom=0.013 Vbat=12.70 Rone=0.002 n=4 G=12.75 r=6.0 M=120 uk=0.60 us=0.70
0.000000,0.000000,0.000000,1,16.623208,29.994871,8.650692
0.001000,0.000008,0.016623,1,16.623208,29.994871,8.650692
0.002000,0.000033,0.033246,1,16.623208,29.994871,8.650692
0.003000,0.000075,0.049870,1,16.623208,29.994871,8.650692
0.004000,0.000133,0.066493,1,16.623208,29.994871,8.650692
0.005000,0.000208,0.083116,1,16.623208,29.994871,8.650692
0.006000,0.000299,0.099739,1,16.623208,29.994871,8.650692
0.007000,0.000407,0.116362,1,16.623208,29.994871,8.650692
0.008000,0.000532,0.132986,1,16.623208,29.994871,8.650692
0.009000,0.000673,0.149609,1,16.623208,29.994871,8.650692
0.010000,0.000831,0.166232,1,16.623208,29.994871,8.650692
0.011000,0.001006,0.182855,1,16.623208,29.994871,8.650692
0.012000,0.001197,0.199478,1,16.623208,29.994871,8.650692
0.013000,0.001405,0.216102,1,16.623208,29.994871,8.650692
0.014000,0.001629,0.232725,1,16.623208,29.994871,8.650692
0.015000,0.001870,0.249348,1,16.623208,29.994871,8.650692
0.016000,0.002128,0.265971,1,16.623208,29.994871,8.650692
0.017000,0.002402,0.282595,1,16.623208,29.994871,8.650692
0.018000,0.002693,0.299218,1,16.623208,29.994871,8.650692
0.019000,0.003000,0.315841,1,16.623208,29.994871,8.650692
0.020000,0.003325,0.332464,1,16.623208,29.994871,8.650692
0.021000,0.003665,0.349087,1,16.623208,29.994871,8.650692
0.022000,0.004023,0.365711,1,16.623208,29.994871,8.650692
0.023000,0.004397,0.382334,1,16.623208,29.994871,8.650692
0.024000,0.004787,0.398957,1,16.623208,29.994871,8.650692
0.025000,0.005195,0.415580,1,16.623208,29.994871,8.650692
0.026000,0.005619,0.432203,1,16.623208,29.994871,8.650692
0.027000,0.006059,0.448827,1,16.623208,29.994871,8.650692
0.028000,0.006516,0.465450,1,16.623208,29.994871,8.650692
0.029000,0.006990,0.482073,1,16.623208,29.994871,8.650692
0.030000,0.007480,0.498696,1,16.623208,29.994871,8.650692
0.031000,0.007987,0.515319,1,16.623208,29.994871,8.650692
0.032000,0.008511,0.531943,1,16.623208,29.994871,8.650692
0.033000,0.009051,0.548566,1,16.623208,29.994871,8.650692
0.034000,0.009608,0.565189,1,16.623208,29.994871,8.650692
0.035000,0.010182,0.581812,1,16.623208,29.994871,8.650692
0.036000,0.010772,0.598435,1,16.623208,29.994871,8.650692
0.037000,0.011379,0.615059,1,16.623208,29.994871,8.650692
0.038000,0.012002,0.631682,1,16.623208,29.994871,8.650692
0.039000,0.012642,0.648305,1,16.623208,29.994871,8.650692
0.040000,0.013299,0.664928,1,16.623208,29.994871,8.650692
0.041000,0.013972,0.681552,1,16.623208,29.994871,8.650692
0.042000,0.014662,0.698175,1,16.623208,29.994871,8.650692
0.043000,0.015368,0.714798,1,16.623208,29.994871,8.650692
0.044000,0.016091,0.731421,1,16.623208,29.994871,8.650692
0.045000,0.016831,0.748044,1,16.623208,29.994871,8.650692
0.046000,0.017587,0.764668,1,16.623208,29.994871,8.650692
0.047000,0.018360,0.781291,1,16.623208,29.994871,8.650692
0.048000,0.019150,0.797914,1,16.623208,29.994871,8.650692
0.049000,0.019956,0.814537,1,16.623208,29.994871,8.650692
0.050000,0.020779,0.831160,1,16.623208,29.994871,8.650692
0.051000,0.021618,0.847784,1,16.623208,29.994871,8.650692
0.052000,0.022475,0.864407,1,16.623208,29.994871,8.650692
0.053000,0.023347,0.881030,1,16.623208,29.994871,8.650692
0.054000,0.024237,0.897653,1,16.623208,29.994871,8.650692
0.055000,0.025143,0.914276,1,16.623208,29.994871,8.650692
0.056000,0.026065,0.930900,1,16.623208,29.994871,8.650692
0.057000,0.027004,0.947523,1,16.623208,29.994871,8.650692
0.058000,0.027960,0.964146,1,16.623208,29.994871,8.650692
0.059000,0.028933,0.980769,1,16.623208,29.994871,8.650692
0.060000,0.029922,0.997392,1,16.623208,29.994871,8.650692
0.061000,0.030927,1.014016,1,16.623208,29.994871,8.650692
0.062000,0.031950,1.030639,1,16.623208,29.994871,8.650692
0.063000,0.032989,1.047262,1,16.623208,29.994871,8.650692
0.064000,0.034044,1.063885,1,16.623208,29.994871,8.650692
0.065000,0.035117,1.080509,1,16.623208,29.994871,8.650692
0.066000,0.036205,1.097132,1,16.623208,29.994871,8.650692
0.067000,0.037311,1.113755,1,16.623208,29.994871,8.650692
0.068000,0.038433,1.130378,1,16.623208,29.994871,8.650692
0.069000,0.039572,1.147001,1,16.623208,29.994871,8.650692
0.070000,0.040727,1.163625,1,16.623208,29.994871,8.650692
0.071000,0.041899,1.180248,1,16.623208,29.994871,8.650692
0.072000,0.043087,1.196871,1,16.623208,29.994871,8.650692
0.073000,0.044293,1.213494,1,16.623208,29.994871,8.650692
0.074000,0.045514,1.230117,1,16.623208,29.994871,8.650692
0.075000,0.046753,1.246741,1,16.623208,29.994871,8.650692
0.076000,0.048008,1.263364,1,16.623208,29.994871,8.650692
0.077000,0.049280,1.279987,1,16.623208,29.994871,8.650692
0.078000,0.050568,1.296610,1,16.623208,29.994871,8.650692
0.079000,0.051873,1.313233,1,16.623208,29.994871,8.650692
0.080000,0.053194,1.329857,1,16.623208,29.994871,8.650692
0.081000,0.054532,1.346480,1,16.623208,29.994871,8.650692
0.082000,0.055887,1.363103,1,16.623208,29.994871,8.650692
0.083000,0.057259,1.379726,1,16.623208,29.994871,8.650692
0.084000,0.058647,1.396349,1,16.623208,29.994871,8.650692
0.085000,0.060051,1.412973,1,16.623208,29.994871,8.650692
0.086000,0.061473,1.429596,1,16.623208,29.994871,8.650692
0.087000,0.062911,1.446219,1,16.623208,29.994871,8.650692
0.088000,0.064365,1.462842,1,16.623208,29.994871,8.650692
0.089000,0.065836,1.479466,1,16.623208,29.994871,8.650692
0.090000,0.067324,1.496089,1,16.623208,29.994871,8.650692
0.091000,0.068828,1.512712,1,16.623208,29.994871,8.650692
0.092000,0.070349,1.529335,1,16.623208,29.994871,8.650692
0.093000,0.071887,1.545958,1,16.623208,29.994871,8.650692
0.094000,0.073441,1.562582,1,16.623208,29.994871,8.650692
0.095000,0.075012,1.579205,1,16.623208,29.994871,8.650692
0.096000,0.076600,1.595828,1,16.623208,29.994871,8.650692
0.097000,0.078204,1.612451,1,16.623208,29.994871,8.650692
0.098000,0.079825,1.629074,1,16.623208,29.994871,8.650692
0.099000,0.081462,1.645698,1,16.623208,29.994871,8.650692
0.100000,0.083116,1.662321,1,16.623208,29.994871,8.650692
0.101000,0.084787,1.678944,1,16.623208,29.994871,8.650692
0.102000,0.086474,1.695567,1,16.623208,29.994871,8.650692
0.103000,0.088178,1.712190,1,16.623208,29.994871,8.650692
0.104000,0.089898,1.728814,1,16.623208,29.994871,8.650692
0.105000,0.091635,1.745437,1,16.623208,29.994871,8.650692
0.106000,0.093389,1.762060,1,16.623208,29.994871,8.650692
0.107000,0.095160,1.778683,1,16.623208,29.994871,8.650692
0.108000,0.096947,1.795306,1,16.623208,29.994871,8.650692
0.109000,0.098750,1.811930,1,16.623208,29.994871,8.650692
0.110000,0.100570,1.828553,1,16.623208,29.994871,8.650692
0.111000,0.102407,1.845176,1,16.623208,29.994871,8.650692
0.112000,0.104261,1.861799,1,16.623208,29.994871,8.650692
0.113000,0.106131,1.878423,1,16.623208,29.994871,8.650692
0.114000,0.108018,1.895046,1,16.623208,29.994871,8.650692
0.115000,0.109921,1.911669,1,16.623208,29.994871,8.650692
0.116000,0.111841,1.928292,1,16.623208,29.994871,8.650692
0.117000,0.113778,1.944915,1,16.623208,29.994871,8.650692
0.118000,0.115731,1.961539,1,16.623208,29.994871,8.650692
0.119000,0.117701,1.978162,1,16.623208,29.994871,8.650692
0.120000,0.119687,1.994785,1,16.623208,29.994871,8.650692
0.121000,0.121690,2.011408,1,16.623208,29.994871,8.650692
0.122000,0.123710,2.028031,1,16.623208,29.994871,8.650692
0.123000,0.125746,2.044655,1,16.623208,29.994871,8.650692
0.124000,0.127799,2.061278,1,16.623208,29.994871,8.650692
0.125000,0.129869,2.077901,1,16.623208,29.994871,8.650692
0.126000,0.131955,2.094524,1,16.623208,29.994871,8.650692
0.127000,0.134058,2.111147,1,16.623208,29.994871,8.650692
0.128000,0.136177,2.127771,1,16.623208,29.994871,8.650692
0.129000,0.138313,2.144394,1,16.623208,29.994871,8.650692
0.130000,0.140466,2.161017,1,16.623208,29.994871,8.650692
0.131000,0.142635,2.177640,1,16.623208,29.994871,8.650692
0.132000,0.144821,2.194263,1,16.623208,29.994871,8.650692
0.133000,0.147024,2.210887,1,16.623208,29.994871,8.650692
0.134000,0.149243,2.227510,1,16.623208,29.994871,8.650692
0.135000,0.151479,2.244133,1,16.623208,29.994871,8.650692
0.136000,0.153731,2.260756,1,16.623208,29.994871,8.650692
0.137000,0.156000,2.277380,1,16.623208,29.994871,8.650692
0.138000,0.158286,2.294003,1,16.623208,29.994871,8.650692
0.139000,0.160589,2.310626,1,16.623208,29.994871,8.650692
0.140000,0.162907,2.327249,1,16.623208,29.994871,8.650692
0.141000,0.165243,2.343872,1,16.623208,29.994871,8.650692
0.142000,0.167595,2.360496,1,16.623208,29.994871,8.650692
0.143000,0.169964,2.377119,1,16.623208,29.994871,8.650692
0.144000,0.172349,2.393742,1,16.623208,29.994871,8.650692
0.145000,0.174751,2.410365,1,16.623208,29.994871,8.650692
0.146000,0.177170,2.426988,1,16.623208,29.994871,8.650692
0.147000,0.179605,2.443612,1,16.623208,29.994871,8.650692
0.148000,0.182057,2.460235,1,16.623208,29.994871,8.650692
0.149000,0.184526,2.476858,1,16.623208,29.994871,8.650692
0.150000,0.187011,2.493481,1,16.623208,29.994871,8.650692
0.151000,0.189513,2.510104,1,16.623208,29.994871,8.650692
0.152000,0.192031,2.526728,1,16.623208,29.994871,8.650692
0.153000,0.194566,2.543351,1,16.623208,29.994871,8.650692
0.154000,0.197118,2.559974,1,16.623208,29.994871,8.650692
0.155000,0.199686,2.576597,1,16.623208,29.994871,8.650692
0.156000,0.202271,2.593220,1,16.623208,29.994871,8.650692
0.157000,0.204873,2.609844,1,16.623208,29.994871,8.650692
0.158000,0.207491,2.626467,1,16.623208,29.994871,8.650692
0.159000,0.210126,2.643090,1,16.623208,29.994871,8.650692
0.160000,0.212777,2.659713,1,16.623208,29.994871,8.650692
0.161000,0.215445,2.676337,1,16.623208,29.994871,8.650692
0.162000,0.218130,2.692960,1,16.623208,29.994871,8.650692
0.163000,0.220831,2.709583,1,16.623208,29.994871,8.650692
0.164000,0.223549,2.726206,1,16.623208,29.994871,8.650692
0.165000,0.226283,2.742829,1,16.623208,29.994871,8.650692
0.166000,0.229035,2.759453,1,16.623208,29.994871,8.650692
0.167000,0.231802,2.776076,1,16.623208,29.994871,8.650692
0.168000,0.234587,2.792699,1,16.623208,29.994871,8.650692
0.169000,0.237388,2.809322,1,16.623208,29.994871,8.650692
0.170000,0.240205,2.825945,1,16.623208,29.994871,8.650692
0.171000,0.243040,2.842569,1,16.623208,29.994871,8.650692
0.172000,0.245890,2.859192,1,16.623208,29.994871,8.650692
0.173000,0.248758,2.875815,1,16.623208,29.994871,8.650692
0.174000,0.251642,2.892438,1,16.623208,29.994871,8.650692
0.175000,0.254543,2.909061,1,16.623208,29.994871,8.650692
0.176000,0.257460,2.925685,1,16.623208,29.994871,8.650692
0.177000,0.260394,2.942308,1,16.623208,29.994871,8.650692
0.178000,0.263345,2.958931,1,16.623208,29.994871,8.650692
0.179000,0.266312,2.975554,1,16.623208,29.994871,8.650692
0.180000,0.269296,2.992177,1,16.623208,29.994871,8.650692
0.181000,0.272296,3.008801,1,16.623208,29.994871,8.650692
0.182000,0.275314,3.025424,1,16.623208,29.994871,8.650692
0.183000,0.278347,3.042047,1,16.623208,29.994871,8.650692
0.184000,0.281398,3.058670,1,16.623208,29.994871,8.650692
0.185000,0.284465,3.075294,1,16.623208,29.994871,8.650692
0.186000,0.287548,3.091917,1,16.623208,29.994871,8.650692
0.187000,0.290648,3.108540,1,16.623208,29.994871,8.650692
0.188000,0.293765,3.125163,1,16.623208,29.994871,8.650692
0.189000,0.296899,3.141786,1,16.623208,29.994871,8.650692
0.190000,0.300049,3.158410,1,16.623208,29.994871,8.650692
0.191000,0.303216,3.175033,1,16.623208,29.994871,8.650692
0.192000,0.306399,3.191656,1,16.623208,29.994871,8.650692
0.193000,0.309599,3.208279,1,16.623208,29.994871,8.650692
0.194000,0.312816,3.224902,1,16.623208,29.994871,8.650692
0.195000,0.316049,3.241526,1,16.623208,29.994871,8.650692
0.196000,0.319299,3.258149,1,16.623208,29.994871,8.650692
0.197000,0.322565,3.274772,1,16.623208,29.994871,8.650692
0.198000,0.325848,3.291395,1,16.623208,29.994871,8.650692
0.199000,0.329148,3.308018,1,16.623208,29.994871,8.650692
0.200000,0.332464,3.324642,1,16.623208,29.994871,8.650692
0.201000,0.335797,3.341265,1,16.623208,29.994871,8.650692
0.202000,0.339147,3.357888,1,16.623208,29.994871,8.650692
0.203000,0.342513,3.374511,1,16.623208,29.994871,8.650692
0.204000,0.345896,3.391134,1,16.623208,29.994871,8.650692
0.205000,0.349295,3.407758,1,16.623208,29.994871,8.650692
0.206000,0.352711,3.424381,1,16.623208,29.994871,8.650692
0.207000,0.356144,3.440996,0,16.607771,29.970885,8.653931
0.208000,0.359593,3.457596,0,16.591466,29.945550,8.657351
0.209000,0.363059,3.474179,0,16.575177,29.920240,8.660768
0.210000,0.366542,3.490746,0,16.558904,29.894955,8.664181
0.211000,0.370041,3.507297,0,16.542646,29.869695,8.667591
0.212000,0.373556,3.523832,0,16.526405,29.844460,8.670998
0.213000,0.377088,3.540350,0,16.510180,29.819249,8.674401
0.214000,0.380637,3.556852,0,16.493971,29.794063,8.677801
0.215000,0.384202,3.573338,0,16.477777,29.768902,8.681198
0.216000,0.387784,3.589808,0,16.461600,29.743766,8.684592
0.217000,0.391382,3.606261,0,16.445438,29.718654,8.687982
0.218000,0.394996,3.622698,0,16.429293,29.693567,8.691368
0.219000,0.398627,3.639120,0,16.413163,29.668505,8.694752
0.220000,0.402274,3.655525,0,16.397049,29.643467,8.698132
0.221000,0.405938,3.671914,0,16.380950,29.618454,8.701509
0.222000,0.409618,3.688287,0,16.364868,29.593465,8.704882
0.223000,0.413315,3.704643,0,16.348801,29.568501,8.708252
0.224000,0.417027,3.720984,0,16.332750,29.543561,8.711619
0.225000,0.420757,3.737309,0,16.316715,29.518646,8.714983
0.226000,0.424502,3.753618,0,16.300696,29.493755,8.718343
0.227000,0.428264,3.769910,0,16.284692,29.468889,8.721700
0.228000,0.432042,3.786187,0,16.268704,29.444047,8.725054
0.229000,0.435836,3.802448,0,16.252732,29.419230,8.728404
0.230000,0.439647,3.818693,0,16.236776,29.394437,8.731751
0.231000,0.443473,3.834921,0,16.220835,29.369668,8.735095
0.232000,0.447317,3.851134,0,16.204909,29.344924,8.738435
0.233000,0.451176,3.867331,0,16.189000,29.320204,8.741773
0.234000,0.455051,3.883512,0,16.173106,29.295508,8.745106
0.235000,0.458943,3.899677,0,16.157227,29.270836,8.748437
0.236000,0.462851,3.915827,0,16.141365,29.246189,8.751765
0.237000,0.466774,3.931960,0,16.125517,29.221566,8.755089
0.238000,0.470714,3.948078,0,16.109686,29.196967,8.758410
0.239000,0.474671,3.964179,0,16.093870,29.172392,8.761727
0.240000,0.478643,3.980265,0,16.078069,29.147841,8.765041
0.241000,0.482631,3.996336,0,16.062284,29.123314,8.768353
0.242000,0.486635,4.012390,0,16.046514,29.098812,8.771660
0.243000,0.490656,4.028429,0,16.030760,29.074333,8.774965
0.244000,0.494692,4.044452,0,16.015022,29.049879,8.778266
0.245000,0.498745,4.060459,0,15.999299,29.025448,8.781564
0.246000,0.502813,4.076450,0,15.983591,29.001042,8.784859
0.247000,0.506898,4.092426,0,15.967899,28.976659,8.788151
0.248000,0.510998,4.108386,0,15.952222,28.952301,8.791439
0.249000,0.515114,4.124330,0,15.936560,28.927966,8.794725
0.250000,0.519247,4.140259,0,15.920914,28.903655,8.798007
0.251000,0.523395,4.156172,0,15.905283,28.879369,8.801285
0.252000,0.527559,4.172070,0,15.889668,28.855105,8.804561
0.253000,0.531739,4.187951,0,15.874068,28.830866,8.807833
0.254000,0.535935,4.203818,0,15.858483,28.806651,8.811102
0.255000,0.540147,4.219668,0,15.842913,28.782459,8.814368
0.256000,0.544374,4.235504,0,15.827359,28.758291,8.817631
0.257000,0.548618,4.251323,0,15.811820,28.734147,8.820890
0.258000,0.552877,4.267127,0,15.796297,28.710027,8.824146
0.259000,0.557152,4.282916,0,15.780788,28.685930,8.827399
0.260000,0.561443,4.298689,0,15.765295,28.661857,8.830649
0.261000,0.565749,4.314446,0,15.749817,28.637807,8.833896
0.262000,0.570072,4.330188,0,15.734354,28.613781,8.837140
0.263000,0.574410,4.345915,0,15.718907,28.589779,8.840380
0.264000,0.578763,4.361626,0,15.703474,28.565800,8.843617
0.265000,0.583133,4.377322,0,15.688057,28.541845,8.846851
0.266000,0.587518,4.393002,0,15.672655,28.517913,8.850082
0.267000,0.591919,4.408667,0,15.657268,28.494005,8.853309
0.268000,0.596335,4.424317,0,15.641896,28.470120,8.856534
0.269000,0.600768,4.439951,0,15.626539,28.446259,8.859755
0.270000,0.605215,4.455570,0,15.611197,28.422421,8.862973
0.271000,0.609679,4.471173,0,15.595870,28.398607,8.866188
0.272000,0.614158,4.486762,0,15.580559,28.374816,8.869400
0.273000,0.618652,4.502335,0,15.565262,28.351048,8.872608
0.274000,0.623162,4.517892,0,15.549980,28.327304,8.875814
0.275000,0.627688,4.533435,0,15.534714,28.303583,8.879016
0.276000,0.632229,4.548962,0,15.519462,28.279885,8.882216
0.277000,0.636786,4.564473,0,15.504226,28.256211,8.885412
0.278000,0.641358,4.579970,0,15.489004,28.232559,8.888604
0.279000,0.645946,4.595452,0,15.473797,28.208931,8.891794
0.280000,0.650549,4.610918,0,15.458605,28.185326,8.894981
0.281000,0.655168,4.626369,0,15.443428,28.161745,8.898164
0.282000,0.659802,4.641805,0,15.428266,28.138186,8.901345
0.283000,0.664451,4.657225,0,15.413119,28.114651,8.904522
0.284000,0.669116,4.672631,0,15.397987,28.091139,8.907696
0.285000,0.673796,4.688021,0,15.382870,28.067649,8.910867
0.286000,0.678492,4.703397,0,15.367767,28.044183,8.914035
0.287000,0.683203,4.718757,0,15.352679,28.020740,8.917200
0.288000,0.687930,4.734102,0,15.337607,27.997320,8.920362
0.289000,0.692671,4.749432,0,15.322548,27.973923,8.923520
0.290000,0.697429,4.764747,0,15.307505,27.950549,8.926676
0.291000,0.702201,4.780047,0,15.292477,27.927198,8.929828
0.292000,0.706989,4.795332,0,15.277463,27.903870,8.932978
0.293000,0.711792,4.810602,0,15.262464,27.880564,8.936124
0.294000,0.716610,4.825857,0,15.247479,27.857282,8.939267
0.295000,0.721443,4.841097,0,15.232510,27.834022,8.942407
0.296000,0.726292,4.856322,0,15.217555,27.810785,8.945544
0.297000,0.731156,4.871532,0,15.202615,27.787572,8.948678
0.298000,0.736035,4.886727,0,15.187689,27.764380,8.951809
0.299000,0.740929,4.901907,0,15.172778,27.741212,8.954936
0.300000,0.745839,4.917073,0,15.157882,27.718066,8.958061
0.301000,0.750764,4.932223,0,15.143000,27.694943,8.961183
0.302000,0.755703,4.947359,0,15.128133,27.671843,8.964301
0.303000,0.760658,4.962479,0,15.113281,27.648766,8.967417
0.304000,0.765628,4.977585,0,15.098443,27.625711,8.970529
0.305000,0.770613,4.992676,0,15.083620,27.602679,8.973638
0.306000,0.775614,5.007752,0,15.068811,27.579669,8.976745
0.307000,0.780629,5.022814,0,15.054017,27.556682,8.979848
0.308000,0.785659,5.037861,0,15.039237,27.533717,8.982948
0.309000,0.790705,5.052892,0,15.024472,27.510776,8.986045
0.310000,0.795765,5.067909,0,15.009721,27.487856,8.989139
0.311000,0.800840,5.082912,0,14.994985,27.464959,8.992230
0.312000,0.805931,5.097899,0,14.980263,27.442085,8.995319
0.313000,0.811036,5.112872,0,14.965556,27.419233,8.998404
0.314000,0.816157,5.127831,0,14.950863,27.396403,9.001486
0.315000,0.821292,5.142774,0,14.936185,27.373596,9.004565
0.316000,0.826442,5.157703,0,14.921521,27.350812,9.007640
0.317000,0.831607,5.172617,0,14.906871,27.328049,9.010713
0.318000,0.836787,5.187517,0,14.892236,27.305309,9.013783
0.319000,0.841982,5.202402,0,14.877615,27.282592,9.016850
0.320000,0.847192,5.217272,0,14.863008,27.259896,9.019914
0.321000,0.852417,5.232128,0,14.848416,27.237223,9.022975
0.322000,0.857656,5.246969,0,14.833838,27.214572,9.026033
0.323000,0.862911,5.261795,0,14.819275,27.191944,9.029088
0.324000,0.868180,5.276607,0,14.804726,27.169337,9.032139
0.325000,0.873464,5.291405,0,14.790191,27.146753,9.035188
0.326000,0.878763,5.306188,0,14.775670,27.124191,9.038234
0.327000,0.884076,5.320956,0,14.761164,27.101651,9.041277
0.328000,0.889405,5.335710,0,14.746672,27.079133,9.044317
0.329000,0.894748,5.350449,0,14.732194,27.056638,9.047354
0.330000,0.900106,5.365174,0,14.717730,27.034164,9.050388
0.331000,0.905478,5.379885,0,14.703280,27.011713,9.053419
0.332000,0.910865,5.394581,0,14.688845,26.989283,9.056447
0.333000,0.916267,5.409263,0,14.674424,26.966876,9.059472
0.334000,0.921684,5.423930,0,14.660017,26.944491,9.062494
0.335000,0.927115,5.438583,0,14.645624,26.922127,9.065513
0.336000,0.932561,5.453221,0,14.631245,26.899786,9.068529
0.337000,0.938022,5.467845,0,14.616881,26.877466,9.071542
0.338000,0.943497,5.482455,0,14.602530,26.855169,9.074552
0.339000,0.948986,5.497050,0,14.588194,26.832893,9.077559
0.340000,0.954491,5.511631,0,14.573871,26.810639,9.080564
0.341000,0.960010,5.526198,0,14.559563,26.788407,9.083565
0.342000,0.965543,5.540750,0,14.545269,26.766197,9.086563
0.343000,0.971091,5.555288,0,14.530989,26.744008,9.089559
0.344000,0.976654,5.569812,0,14.516722,26.721842,9.092551
0.345000,0.982231,5.584322,0,14.502470,26.699697,9.095541
0.346000,0.987822,5.598817,0,14.488232,26.677574,9.098528
0.347000,0.993428,5.613298,0,14.474008,26.655472,9.101511
0.348000,0.999049,5.627765,0,14.459798,26.633393,9.104492
0.349000,1.004684,5.642218,0,14.445601,26.611335,9.107470
0.350000,1.010333,5.656656,0,14.431419,26.589298,9.110445
0.351000,1.015997,5.671081,0,14.417251,26.567284,9.113417
0.352000,1.021676,5.685491,0,14.403096,26.545291,9.116386
0.353000,1.027368,5.699887,0,14.388955,26.523319,9.119352
0.354000,1.033075,5.714269,0,14.374829,26.501369,9.122315
0.355000,1.038797,5.728637,0,14.360716,26.479441,9.125276
0.356000,1.044533,5.742990,0,14.346617,26.457534,9.128233
0.357000,1.050283,5.757330,0,14.332532,26.435648,9.131187
0.358000,1.056047,5.771655,0,14.318460,26.413785,9.134139
0.359000,1.061826,5.785967,0,14.304403,26.391942,9.137088
0.360000,1.067619,5.800264,0,14.290359,26.370121,9.140034
0.361000,1.073427,5.814547,0,14.276329,26.348322,9.142977
0.362000,1.079248,5.828817,0,14.262313,26.326544,9.145917
0.363000,1.085084,5.843072,0,14.248311,26.304787,9.148854
0.364000,1.090934,5.857313,0,14.234322,26.283051,9.151788
0.365000,1.096799,5.871541,0,14.220347,26.261337,9.154719
0.366000,1.102677,5.885754,0,14.206386,26.239645,9.157648
0.367000,1.108570,5.899954,0,14.192438,26.217973,9.160574
0.368000,1.114477,5.914139,0,14.178504,26.196323,9.163496
0.369000,1.120399,5.928311,0,14.164584,26.174694,9.166416
0.370000,1.126334,5.942468,0,14.150678,26.153087,9.169333
0.371000,1.132284,5.956612,0,14.136785,26.131500,9.172247
0.372000,1.138247,5.970742,0,14.122906,26.109935,9.175159
0.373000,1.144225,5.984858,0,14.109040,26.088391,9.178067
0.374000,1.150217,5.998960,0,14.095188,26.066868,9.180973
0.375000,1.156223,6.013048,0,14.081350,26.045366,9.183876
0.376000,1.162243,6.027123,0,14.067525,26.023885,9.186775
0.377000,1.168277,6.041183,0,14.053714,26.002426,9.189673
0.378000,1.174325,6.055230,0,14.039917,25.980987,9.192567
0.379000,1.180388,6.069263,0,14.026133,25.959570,9.195458
0.380000,1.186464,6.083282,0,14.012362,25.938173,9.198347
0.381000,1.192554,6.097288,0,13.998605,25.916798,9.201232
0.382000,1.198658,6.111279,0,13.984862,25.895443,9.204115
0.383000,1.204777,6.125257,0,13.971132,25.874110,9.206995
0.384000,1.210909,6.139222,0,13.957415,25.852797,9.209872
0.385000,1.217055,6.153172,0,13.943712,25.831506,9.212747
0.386000,1.223215,6.167109,0,13.930022,25.810235,9.215618
0.387000,1.229389,6.181032,0,13.916346,25.788985,9.218487
0.388000,1.235577,6.194942,0,13.902683,25.767756,9.221353
0.389000,1.241779,6.208838,0,13.889034,25.746548,9.224216
0.390000,1.247995,6.222720,0,13.875398,25.725361,9.227076
0.391000,1.254225,6.236588,0,13.861776,25.704194,9.229934
0.392000,1.260468,6.250443,0,13.848166,25.683048,9.232788
0.393000,1.266726,6.264285,0,13.834571,25.661923,9.235640
0.394000,1.272997,6.278113,0,13.820988,25.640819,9.238489
0.395000,1.279282,6.291927,0,13.807419,25.619736,9.241336
0.396000,1.285581,6.305727,0,13.793863,25.598673,9.244179
0.397000,1.291893,6.319514,0,13.780321,25.577631,9.247020
0.398000,1.298220,6.333288,0,13.766792,25.556609,9.249858
0.399000,1.304560,6.347048,0,13.753276,25.535608,9.252693
0.400000,1.310914,6.360795,0,13.739773,25.514628,9.255525
0.401000,1.317281,6.374528,0,13.726284,25.493668,9.258355
0.402000,1.323663,6.388247,0,13.712807,25.472729,9.261182
0.403000,1.330058,6.401953,0,13.699345,25.451811,9.264006
0.404000,1.336467,6.415646,0,13.685895,25.430913,9.266827
0.405000,1.342889,6.429325,0,13.672458,25.410036,9.269645
0.406000,1.349325,6.442991,0,13.659035,25.389179,9.272461
0.407000,1.355775,6.456643,0,13.645625,25.368342,9.275274
0.408000,1.362239,6.470282,0,13.632228,25.347526,9.278084
0.409000,1.368716,6.483908,0,13.618844,25.326731,9.280891
0.410000,1.375206,6.497520,0,13.605474,25.305955,9.283696
0.411000,1.381711,6.511118,0,13.592116,25.285201,9.286498
0.412000,1.388229,6.524704,0,13.578772,25.264466,9.289297
0.413000,1.394760,6.538276,0,13.565440,25.243752,9.292093
0.414000,1.401305,6.551835,0,13.552122,25.223059,9.294887
0.415000,1.407864,6.565380,0,13.538817,25.202385,9.297678
0.416000,1.414436,6.578912,0,13.525525,25.181732,9.300466
0.417000,1.421022,6.592431,0,13.512246,25.161099,9.303252
0.418000,1.427621,6.605937,0,13.498980,25.140487,9.306034
0.419000,1.434233,6.619429,0,13.485727,25.119894,9.308814
0.420000,1.440860,6.632908,0,13.472487,25.099322,9.311591
0.421000,1.447499,6.646374,0,13.459260,25.078770,9.314366
0.422000,1.454152,6.659827,0,13.446046,25.058239,9.317138
0.423000,1.460819,6.673266,0,13.432845,25.037727,9.319907
0.424000,1.467499,6.686693,0,13.419657,25.017236,9.322673
0.425000,1.474192,6.700106,0,13.406482,24.996765,9.325437
0.426000,1.480899,6.713506,0,13.393320,24.976313,9.328198
0.427000,1.487619,6.726892,0,13.380170,24.955882,9.330956
0.428000,1.494353,6.740266,0,13.367034,24.935471,9.333711
0.429000,1.501100,6.753626,0,13.353910,24.915080,9.336464
0.430000,1.507860,6.766974,0,13.340800,24.894709,9.339214
0.431000,1.514634,6.780308,0,13.327702,24.874358,9.341962
0.432000,1.521421,6.793629,0,13.314617,24.854027,9.344706
0.433000,1.528221,6.806937,0,13.301545,24.833716,9.347448
0.434000,1.535035,6.820232,0,13.288486,24.813425,9.350188
0.435000,1.541861,6.833514,0,13.275440,24.793154,9.352924
0.436000,1.548702,6.846783,0,13.262406,24.772902,9.355658
0.437000,1.555555,6.860039,0,13.249386,24.752671,9.358389
0.438000,1.562422,6.873282,0,13.236378,24.732459,9.361118
0.439000,1.569302,6.886512,0,13.223383,24.712268,9.363844
0.440000,1.576195,6.899729,0,13.210400,24.692096,9.366567
0.441000,1.583101,6.912933,0,13.197431,24.671944,9.369288
0.442000,1.590021,6.926123,0,13.184474,24.651811,9.372005
0.443000,1.596953,6.939301,0,13.171529,24.631699,9.374721
0.444000,1.603899,6.952467,0,13.158598,24.611606,9.377433
0.445000,1.610858,6.965619,0,13.145679,24.591533,9.380143
0.446000,1.617830,6.978758,0,13.132773,24.571480,9.382850
0.447000,1.624816,6.991884,0,13.119880,24.551446,9.385555
0.448000,1.631814,7.004998,0,13.106999,24.531432,9.388257
0.449000,1.638826,7.018098,0,13.094131,24.511438,9.390956
0.450000,1.645850,7.031186,0,13.081275,24.491463,9.393653
0.451000,1.652888,7.044261,0,13.068432,24.471508,9.396346
0.452000,1.659939,7.057323,0,13.055602,24.451572,9.399038
0.453000,1.667003,7.070372,0,13.042784,24.431656,9.401726
0.454000,1.674080,7.083408,0,13.029979,24.411760,9.404412
0.455000,1.681169,7.096432,0,13.017187,24.391883,9.407096
0.456000,1.688272,7.109443,0,13.004407,24.372026,9.409777
0.457000,1.695388,7.122441,0,12.991639,24.352188,9.412455
0.458000,1.702517,7.135426,0,12.978884,24.332370,9.415130
0.459000,1.709659,7.148399,0,12.966142,24.312571,9.417803
0.460000,1.716814,7.161358,0,12.953412,24.292791,9.420473
0.461000,1.723982,7.174305,0,12.940695,24.273031,9.423141
0.462000,1.731163,7.187240,0,12.927990,24.253290,9.425806
0.463000,1.738356,7.200161,0,12.915298,24.233569,9.428468
0.464000,1.745563,7.213070,0,12.902618,24.213867,9.431128
0.465000,1.752783,7.225967,0,12.889950,24.194185,9.433785
0.466000,1.760015,7.238850,0,12.877295,24.174521,9.436440
0.467000,1.767260,7.251721,0,12.864652,24.154878,9.439092
0.468000,1.774518,7.264579,0,12.852022,24.135253,9.441741
0.469000,1.781789,7.277425,0,12.839404,24.115647,9.444388
0.470000,1.789073,7.290258,0,12.826799,24.096061,9.447032
0.471000,1.796370,7.303079,0,12.814206,24.076494,9.449673
0.472000,1.803679,7.315887,0,12.801625,24.056947,9.452312
0.473000,1.811002,7.328682,0,12.789057,24.037418,9.454949
0.474000,1.818337,7.341465,0,12.776501,24.017909,9.457582
0.475000,1.825685,7.354235,0,12.763957,23.998419,9.460213
0.476000,1.833045,7.366993,0,12.751426,23.978948,9.462842
0.477000,1.840419,7.379738,0,12.738907,23.959496,9.465468
0.478000,1.847805,7.392471,0,12.726400,23.940063,9.468092
0.479000,1.855204,7.405191,0,12.713906,23.920649,9.470712
0.480000,1.862615,7.417898,0,12.701423,23.901254,9.473331
0.481000,1.870039,7.430594,0,12.688953,23.881879,9.475946
0.482000,1.877476,7.443276,0,12.676496,23.862522,9.478560
0.483000,1.884926,7.455947,0,12.664050,23.843184,9.481170
0.484000,1.892388,7.468604,0,12.651617,23.823866,9.483778
0.485000,1.899863,7.481250,0,12.639196,23.804566,9.486384
0.486000,1.907351,7.493883,0,12.626787,23.785285,9.488986
0.487000,1.914851,7.506503,0,12.614390,23.766024,9.491587
0.488000,1.922364,7.519112,0,12.602006,23.746781,9.494185
0.489000,1.929889,7.531707,0,12.589633,23.727557,9.496780
0.490000,1.937427,7.544291,0,12.577273,23.708352,9.499373
0.491000,1.944978,7.556862,0,12.564925,23.689165,9.501963
0.492000,1.952541,7.569421,0,12.552589,23.669998,9.504550
0.493000,1.960116,7.581967,0,12.540265,23.650849,9.507135
0.494000,1.967705,7.594501,0,12.527954,23.631720,9.509718
0.495000,1.975305,7.607023,0,12.515654,23.612608,9.512298
0.496000,1.982919,7.619532,0,12.503366,23.593516,9.514875
0.497000,1.990544,7.632030,0,12.491091,23.574443,9.517450
0.498000,1.998183,7.644515,0,12.478827,23.555388,9.520023
0.499000,2.005834,7.656987,0,12.466576,23.536352,9.522593
0.500000,2.013497,7.669448,0,12.454337,23.517334,9.525160
0.501000,2.021172,7.681896,0,12.442109,23.498336,9.527725
0.502000,2.028861,7.694332,0,12.429894,23.479356,9.530287
0.503000,2.036561,7.706756,0,12.417691,23.460394,9.532847
0.504000,2.044274,7.719167,0,12.405499,23.441451,9.535404
0.505000,2.051999,7.731567,0,12.393320,23.422527,9.537959
0.506000,2.059737,7.743954,0,12.381152,23.403621,9.540511
0.507000,2.067487,7.756329,0,12.368997,23.384734,9.543061
0.508000,2.075250,7.768692,0,12.356853,23.365866,9.545608
0.509000,2.083025,7.781043,0,12.344721,23.347016,9.548153
0.510000,2.090812,7.793382,0,12.332602,23.328184,9.550695
0.511000,2.098611,7.805708,0,12.320494,23.309371,9.553235
0.512000,2.106423,7.818022,0,12.308398,23.290577,9.555772
0.513000,2.114247,7.830325,0,12.296314,23.271801,9.558307
0.514000,2.122084,7.842615,0,12.284242,23.253043,9.560839
0.515000,2.129933,7.854893,0,12.272181,23.234304,9.563369
0.516000,2.137794,7.867159,0,12.260133,23.215583,9.565896
0.517000,2.145667,7.879414,0,12.248096,23.196880,9.568421
0.518000,2.153553,7.891656,0,12.236071,23.178196,9.570944
0.519000,2.161450,7.903886,0,12.224058,23.159530,9.573463
0.520000,2.169360,7.916104,0,12.212057,23.140883,9.575981
0.521000,2.177283,7.928310,0,12.200067,23.122254,9.578496
0.522000,2.185217,7.940504,0,12.188089,23.103643,9.581008
0.523000,2.193164,7.952686,0,12.176123,23.085050,9.583518
0.524000,2.201122,7.964856,0,12.164169,23.066476,9.586026
0.525000,2.209093,7.977014,0,12.152227,23.047920,9.588531
0.526000,2.217076,7.989161,0,12.140296,23.029382,9.591033
0.527000,2.225072,8.001295,0,12.128377,23.010862,9.593534
0.528000,2.233079,8.013417,0,12.116469,22.992361,9.596031
0.529000,2.241098,8.025528,0,12.104574,22.973878,9.598527
0.530000,2.249130,8.037627,0,12.092690,22.955412,9.601019
0.531000,2.257174,8.049713,0,12.080817,22.936965,9.603510
0.532000,2.265229,8.061788,0,12.068957,22.918536,9.605998
0.533000,2.273297,8.073851,0,12.057108,22.900126,9.608483
0.534000,2.281377,8.085902,0,12.045270,22.881733,9.610966
0.535000,2.289469,8.097942,0,12.033445,22.863358,9.613447
0.536000,2.297573,8.109969,0,12.021631,22.845001,9.615925
0.537000,2.305689,8.121985,0,12.009828,22.826663,9.618401
0.538000,2.313817,8.133989,0,11.998037,22.808342,9.620874
0.539000,2.321957,8.145981,0,11.986258,22.790040,9.623345
0.540000,2.330109,8.157961,0,11.974490,22.771755,9.625813
0.541000,2.338273,8.169930,0,11.962733,22.753488,9.628279
0.542000,2.346449,8.181887,0,11.950989,22.735239,9.630743
0.543000,2.354637,8.193832,0,11.939256,22.717008,9.633204
0.544000,2.362836,8.205765,0,11.927534,22.698795,9.635663
0.545000,2.371048,8.217687,0,11.915824,22.680600,9.638119
0.546000,2.379272,8.229597,0,11.904125,22.662423,9.640573
0.547000,2.387507,8.241495,0,11.892438,22.644264,9.643024
0.548000,2.395755,8.253382,0,11.880762,22.626122,9.645474
0.549000,2.404014,8.265257,0,11.869098,22.607998,9.647920
0.550000,2.412285,8.277120,0,11.857445,22.589892,9.650365
0.551000,2.420568,8.288972,0,11.845804,22.571804,9.652806
0.552000,2.428863,8.300812,0,11.834174,22.553734,9.655246
0.553000,2.437170,8.312640,0,11.822555,22.535681,9.657683
0.554000,2.445488,8.324457,0,11.810948,22.517646,9.660118
0.555000,2.453819,8.336262,0,11.799352,22.499629,9.662550
0.556000,2.462161,8.348056,0,11.787768,22.481629,9.664980
0.557000,2.470515,8.359838,0,11.776195,22.463647,9.667408
0.558000,2.478881,8.371608,0,11.764634,22.445683,9.669833
0.559000,2.487258,8.383367,0,11.753083,22.427736,9.672256
0.560000,2.495647,8.395114,0,11.741544,22.409807,9.674676
0.561000,2.504048,8.406850,0,11.730017,22.391896,9.677094
0.562000,2.512461,8.418574,0,11.718501,22.374002,9.679510
0.563000,2.520885,8.430287,0,11.706996,22.356126,9.681923
0.564000,2.529322,8.441988,0,11.695502,22.338267,9.684334
0.565000,2.537769,8.453678,0,11.684020,22.320426,9.686742
0.566000,2.546229,8.465356,0,11.672549,22.302603,9.689149
0.567000,2.554700,8.477023,0,11.661089,22.284796,9.691552
0.568000,2.563183,8.488678,0,11.649640,22.267008,9.693954
0.569000,2.571677,8.500322,0,11.638203,22.249237,9.696353
0.570000,2.580184,8.511955,0,11.626777,22.231483,9.698750
0.571000,2.588701,8.523576,0,11.615362,22.213747,9.701144
0.572000,2.597231,8.535185,0,11.603958,22.196028,9.703536
0.573000,2.605772,8.546784,0,11.592566,22.178326,9.705926
0.574000,2.614324,8.558371,0,11.581184,22.160642,9.708313
0.575000,2.622889,8.569946,0,11.569814,22.142975,9.710698
0.576000,2.631464,8.581510,0,11.558455,22.125326,9.713081
0.577000,2.640052,8.593063,0,11.547107,22.107694,9.715461
0.578000,2.648650,8.604604,0,11.535771,22.090079,9.717839
0.579000,2.657261,8.616135,0,11.524445,22.072482,9.720215
0.580000,2.665883,8.627653,0,11.513131,22.054901,9.722588
0.581000,2.674516,8.639161,0,11.501827,22.037338,9.724959
0.582000,2.683161,8.650657,0,11.490535,22.019793,9.727328
0.583000,2.691817,8.662142,0,11.479254,22.002264,9.729694
0.584000,2.700485,8.673616,0,11.467984,21.984753,9.732058
0.585000,2.709165,8.685078,0,11.456725,21.967259,9.734420
0.586000,2.717855,8.696529,0,11.445477,21.949782,9.736779
0.587000,2.726558,8.707969,0,11.434240,21.932322,9.739137
0.588000,2.735271,8.719397,0,11.423014,21.914880,9.741491
0.589000,2.743996,8.730815,0,11.411799,21.897454,9.743844
0.590000,2.752733,8.742221,0,11.400596,21.880046,9.746194
0.591000,2.761481,8.753616,0,11.389403,21.862654,9.748542
0.592000,2.770240,8.765000,0,11.378221,21.845280,9.750887
0.593000,2.779011,8.776372,0,11.367050,21.827923,9.753230
0.594000,2.787793,8.787734,0,11.355890,21.810583,9.755571
0.595000,2.796586,8.799084,0,11.344741,21.793260,9.757910
0.596000,2.805391,8.810423,0,11.333603,21.775954,9.760246
0.597000,2.814207,8.821751,0,11.322476,21.758665,9.762580
0.598000,2.823035,8.833068,0,11.311360,21.741393,9.764912
0.599000,2.831873,8.844374,0,11.300255,21.724137,9.767241
0.600000,2.840723,8.855669,0,11.289160,21.706899,9.769569
0.601000,2.849585,8.866953,0,11.278077,21.689678,9.771893
0.602000,2.858457,8.878225,0,11.267004,21.672474,9.774216
0.603000,2.867341,8.889487,0,11.255943,21.655286,9.776536
0.604000,2.876236,8.900737,0,11.244892,21.638115,9.778854
0.605000,2.885143,8.911976,0,11.233852,21.620962,9.781170
0.606000,2.894060,8.923205,0,11.222823,21.603825,9.783484
0.607000,2.902989,8.934422,0,11.211804,21.586705,9.785795
0.608000,2.911929,8.945628,0,11.200797,21.569601,9.788104
0.609000,2.920880,8.956824,0,11.189800,21.552515,9.790410
0.610000,2.929843,8.968008,0,11.178814,21.535445,9.792715
0.611000,2.938816,8.979181,0,11.167839,21.518392,9.795017
0.612000,2.947801,8.990344,0,11.156875,21.501356,9.797317
0.613000,2.956797,9.001495,0,11.145921,21.484337,9.799615
0.614000,2.965804,9.012635,0,11.134979,21.467334,9.801910
0.615000,2.974822,9.023765,0,11.124047,21.450348,9.804203
0.616000,2.983851,9.034883,0,11.113125,21.433378,9.806494
0.617000,2.992892,9.045991,0,11.102215,21.416426,9.808783
0.618000,3.001943,9.057088,0,11.091315,21.399489,9.811069
0.619000,3.011006,9.068174,0,11.080426,21.382570,9.813353
0.620000,3.020080,9.079249,0,11.069547,21.365667,9.815635
0.621000,3.029165,9.090313,0,11.058679,21.348781,9.817915
0.622000,3.038260,9.101366,0,11.047822,21.331911,9.820192
0.623000,3.047367,9.112408,0,11.036976,21.315058,9.822467
0.624000,3.056485,9.123440,0,11.026140,21.298221,9.824740
0.625000,3.065614,9.134461,0,11.015315,21.281401,9.827011
0.626000,3.074754,9.145471,0,11.004500,21.264598,9.829279
0.627000,3.083905,9.156470,0,10.993696,21.247811,9.831546
0.628000,3.093067,9.167458,0,10.982903,21.231040,9.833810
0.629000,3.102240,9.178436,0,10.972120,21.214286,9.836071
0.630000,3.111424,9.189402,0,10.961348,21.197548,9.838331
0.631000,3.120619,9.200358,0,10.950586,21.180827,9.840588
0.632000,3.129825,9.211303,0,10.939835,21.164122,9.842843
0.633000,3.139041,9.222238,0,10.929095,21.147434,9.845096
0.634000,3.148269,9.233162,0,10.918365,21.130762,9.847347
0.635000,3.157508,9.244075,0,10.907645,21.114106,9.849596
0.636000,3.166757,9.254977,0,10.896936,21.097467,9.851842
0.637000,3.176018,9.265869,0,10.886238,21.080844,9.854086
0.638000,3.185289,9.276749,0,10.875550,21.064237,9.856328
0.639000,3.194571,9.287620,0,10.864873,21.047647,9.858568
0.640000,3.203864,9.298479,0,10.854206,21.031073,9.860805
0.641000,3.213168,9.309328,0,10.843550,21.014515,9.863040
0.642000,3.222483,9.320166,0,10.832904,20.997974,9.865274
0.643000,3.231808,9.330994,0,10.822268,20.981448,9.867504
0.644000,3.241145,9.341811,0,10.811643,20.964939,9.869733
0.645000,3.250492,9.352617,0,10.801028,20.948447,9.871960
0.646000,3.259850,9.363413,0,10.790424,20.931970,9.874184
0.647000,3.269219,9.374198,0,10.779831,20.915509,9.876406
0.648000,3.278598,9.384973,0,10.769247,20.899065,9.878626
0.649000,3.287989,9.395736,0,10.758674,20.882637,9.880844
0.650000,3.297390,9.406490,0,10.748112,20.866225,9.883060
0.651000,3.306802,9.417233,0,10.737559,20.849829,9.885273
0.652000,3.316224,9.427965,0,10.727017,20.833449,9.887484
0.653000,3.325658,9.438687,0,10.716486,20.817085,9.889693
0.654000,3.335102,9.449398,0,10.705965,20.800738,9.891900
0.655000,3.344556,9.460099,0,10.695454,20.784406,9.894105
0.656000,3.354022,9.470789,0,10.684953,20.768090,9.896308
0.657000,3.363498,9.481469,0,10.674463,20.751791,9.898508
0.658000,3.372985,9.492138,0,10.663983,20.735507,9.900707
0.659000,3.382482,9.502797,0,10.653513,20.719240,9.902903
0.660000,3.391990,9.513445,0,10.643054,20.702988,9.905097
0.661000,3.401509,9.524083,0,10.632605,20.686752,9.907288
0.662000,3.411039,9.534710,0,10.622166,20.670533,9.909478
0.663000,3.420579,9.545327,0,10.611738,20.654329,9.911666
0.664000,3.430129,9.555934,0,10.601319,20.638141,9.913851
0.665000,3.439691,9.566530,0,10.590911,20.621969,9.916034
0.666000,3.449262,9.577115,0,10.580513,20.605813,9.918215
0.667000,3.458845,9.587691,0,10.570125,20.589672,9.920394
0.668000,3.468438,9.598256,0,10.559748,20.573548,9.922571
0.669000,3.478041,9.608810,0,10.549381,20.557439,9.924746
0.670000,3.487655,9.619354,0,10.539023,20.541347,9.926918
0.671000,3.497280,9.629888,0,10.528677,20.525270,9.929089
0.672000,3.506915,9.640412,0,10.518340,20.509209,9.931257
0.673000,3.516561,9.650925,0,10.508013,20.493163,9.933423
0.674000,3.526217,9.661428,0,10.497697,20.477133,9.935587
0.675000,3.535884,9.671920,0,10.487390,20.461119,9.937749
0.676000,3.545561,9.682403,0,10.477094,20.445121,9.939909
0.677000,3.555248,9.692874,0,10.466808,20.429139,9.942066
0.678000,3.564947,9.703336,0,10.456532,20.413172,9.944222
0.679000,3.574655,9.713788,0,10.446266,20.397221,9.946375
0.680000,3.584374,9.724229,0,10.436010,20.381285,9.948526
0.681000,3.594104,9.734660,0,10.425764,20.365366,9.950676
0.682000,3.603843,9.745080,0,10.415528,20.349461,9.952823
0.683000,3.613594,9.755491,0,10.405302,20.333573,9.954968
0.684000,3.623354,9.765891,0,10.395087,20.317700,9.957111
0.685000,3.633125,9.776281,0,10.384881,20.301842,9.959251
0.686000,3.642907,9.786661,0,10.374685,20.286000,9.961390
0.687000,3.652699,9.797030,0,10.364500,20.270174,9.963526
0.688000,3.662501,9.807390,0,10.354324,20.254363,9.965661
0.689000,3.672314,9.817739,0,10.344159,20.238568,9.967793
0.690000,3.682136,9.828078,0,10.334003,20.222789,9.969924
0.691000,3.691970,9.838407,0,10.323857,20.207024,9.972052
0.692000,3.701813,9.848726,0,10.313722,20.191276,9.974178
0.693000,3.711667,9.859034,0,10.303596,20.175542,9.976302
0.694000,3.721531,9.869333,0,10.293480,20.159824,9.978424
0.695000,3.731406,9.879621,0,10.283374,20.144122,9.980544
0.696000,3.741291,9.889900,0,10.273278,20.128435,9.982661
0.697000,3.751186,9.900168,0,10.263192,20.112763,9.984777
0.698000,3.761091,9.910426,0,10.253116,20.097107,9.986891
0.699000,3.771006,9.920674,0,10.243050,20.081466,9.989002
0.700000,3.780932,9.930912,0,10.232993,20.065841,9.991111
0.701000,3.790868,9.941140,0,10.222947,20.050231,9.993219
0.702000,3.800815,9.951358,0,10.212910,20.034636,9.995324
0.703000,3.810771,9.961566,0,10.202883,20.019056,9.997427
0.704000,3.820738,9.971764,0,10.192866,20.003492,9.999529
0.705000,3.830714,9.981952,0,10.182859,19.987943,10.001628
0.706000,3.840702,9.992129,0,10.172862,19.972410,10.003725
0.707000,3.850699,10.002297,0,10.162874,19.956891,10.005820
0.708000,3.860706,10.012455,0,10.152897,19.941388,10.007913
0.709000,3.870724,10.022603,0,10.142929,19.925900,10.010003
0.710000,3.880751,10.032741,0,10.132971,19.910427,10.012092
0.711000,3.890789,10.042869,0,10.123022,19.894970,10.014179
0.712000,3.900837,10.052987,0,10.113084,19.879527,10.016264
0.713000,3.910895,10.063095,0,10.103155,19.864100,10.018346
0.714000,3.920963,10.073193,0,10.093236,19.848688,10.020427
0.715000,3.931041,10.083282,0,10.083327,19.833291,10.022506
0.716000,3.941130,10.093360,0,10.073427,19.817909,10.024582
0.717000,3.951228,10.103428,0,10.063537,19.802543,10.026657
0.718000,3.961337,10.113487,0,10.053657,19.787191,10.028729
0.719000,3.971455,10.123536,0,10.043787,19.771855,10.030800
0.720000,3.981584,10.133575,0,10.033926,19.756533,10.032868
0.721000,3.991722,10.143604,0,10.024075,19.741227,10.034934
0.722000,4.001871,10.153623,0,10.014234,19.725935,10.036999
0.723000,4.012030,10.163632,0,10.004402,19.710659,10.039061
0.724000,4.022198,10.173632,0,9.994580,19.695397,10.041121
0.725000,4.032377,10.183621,0,9.984767,19.680151,10.043180
0.726000,4.042565,10.193601,0,9.974964,19.664919,10.045236
0.727000,4.052764,10.203571,0,9.965171,19.649703,10.047290
0.728000,4.062973,10.213531,0,9.955388,19.634501,10.049342
0.729000,4.073191,10.223482,0,9.945614,19.619315,10.051393
0.730000,4.083420,10.233423,0,9.935849,19.604143,10.053441
0.731000,4.093658,10.243354,0,9.926095,19.588986,10.055487
0.732000,4.103906,10.253275,0,9.916349,19.573844,10.057531
0.733000,4.114164,10.263186,0,9.906614,19.558717,10.059573
0.734000,4.124433,10.273088,0,9.896888,19.543605,10.061613
0.735000,4.134711,10.282980,0,9.887171,19.528507,10.063652
0.736000,4.144999,10.292862,0,9.877464,19.513425,10.065688
0.737000,4.155296,10.302735,0,9.867767,19.498357,10.067722
0.738000,4.165604,10.312598,0,9.858079,19.483304,10.069754
0.739000,4.175922,10.322451,0,9.848400,19.468266,10.071784
0.740000,4.186249,10.332295,0,9.838731,19.453242,10.073812
0.741000,4.196586,10.342129,0,9.829072,19.438234,10.075838
0.742000,4.206933,10.351953,0,9.819422,19.423240,10.077863
0.743000,4.217290,10.361768,0,9.809781,19.408260,10.079885
0.744000,4.227657,10.371573,0,9.800150,19.393296,10.081905
0.745000,4.238033,10.381368,0,9.790529,19.378346,10.083923
0.746000,4.248419,10.391154,0,9.780917,19.363411,10.085940
0.747000,4.258815,10.400930,0,9.771314,19.348490,10.087954
0.748000,4.269221,10.410696,0,9.761721,19.333584,10.089966
0.749000,4.279637,10.420453,0,9.752137,19.318693,10.091976
0.750000,4.290062,10.430200,0,9.742563,19.303817,10.093985
0.751000,4.300497,10.439938,0,9.732998,19.288955,10.095991
0.752000,4.310942,10.449666,0,9.723442,19.274107,10.097996
0.753000,4.321397,10.459385,0,9.713896,19.259274,10.099998
0.754000,4.331861,10.469094,0,9.704359,19.244456,10.101998
0.755000,4.342335,10.478794,0,9.694831,19.229652,10.103997
0.756000,4.352818,10.488484,0,9.685313,19.214863,10.105993
0.757000,4.363312,10.498164,0,9.675804,19.200088,10.107988
0.758000,4.373815,10.507836,0,9.666305,19.185328,10.109981
0.759000,4.384327,10.517497,0,9.656815,19.170583,10.111971
0.760000,4.394850,10.527149,0,9.647334,19.155851,10.113960
0.761000,4.405382,10.536792,0,9.637862,19.141135,10.115947
0.762000,4.415923,10.546425,0,9.628400,19.126432,10.117932
0.763000,4.426475,10.556049,0,9.618947,19.111745,10.119914
0.764000,4.437035,10.565663,0,9.609504,19.097071,10.121895
0.765000,4.447606,10.575268,0,9.600069,19.082412,10.123874
0.766000,4.458186,10.584863,0,9.590644,19.067768,10.125851
0.767000,4.468776,10.594449,0,9.581228,19.053137,10.127826
0.768000,4.479375,10.604025,0,9.571822,19.038521,10.129800
0.769000,4.489984,10.613592,0,9.562424,19.023920,10.131771
0.770000,4.500602,10.623150,0,9.553036,19.009333,10.133740
0.771000,4.511230,10.632699,0,9.543657,18.994760,10.135707
0.772000,4.521867,10.642238,0,9.534287,18.980201,10.137673
0.773000,4.532514,10.651767,0,9.524927,18.965657,10.139636
0.774000,4.543171,10.661287,0,9.515575,18.951127,10.141598
0.775000,4.553837,10.670798,0,9.506233,18.936611,10.143557
0.776000,4.564513,10.680300,0,9.496900,18.922110,10.145515
0.777000,4.575198,10.689792,0,9.487576,18.907622,10.147471
0.778000,4.585892,10.699275,0,9.478262,18.893149,10.149425
0.779000,4.596596,10.708749,0,9.468956,18.878691,10.151377
0.780000,4.607310,10.718213,0,9.459660,18.864246,10.153327
0.781000,4.618033,10.727668,0,9.450373,18.849816,10.155275
0.782000,4.628765,10.737114,0,9.441094,18.835399,10.157221
0.783000,4.639507,10.746550,0,9.431825,18.820997,10.159165
0.784000,4.650258,10.755977,0,9.422565,18.806609,10.161108
0.785000,4.661019,10.765395,0,9.413315,18.792235,10.163048
0.786000,4.671789,10.774804,0,9.404073,18.777876,10.164987
0.787000,4.682568,10.784203,0,9.394840,18.763530,10.166923
0.788000,4.693357,10.793594,0,9.385616,18.749198,10.168858
0.789000,4.704155,10.802975,0,9.376402,18.734881,10.170791
0.790000,4.714963,10.812346,0,9.367196,18.720577,10.172722
0.791000,4.725780,10.821709,0,9.358000,18.706288,10.174651
0.792000,4.736607,10.831062,0,9.348812,18.692013,10.176578
0.793000,4.747442,10.840407,0,9.339634,18.677751,10.178504
0.794000,4.758287,10.849742,0,9.330464,18.663504,10.180427
0.795000,4.769142,10.859068,0,9.321304,18.649271,10.182348
0.796000,4.780005,10.868384,0,9.312153,18.635051,10.184268
0.797000,4.790879,10.877692,0,9.303010,18.620846,10.186186
0.798000,4.801761,10.886990,0,9.293877,18.606654,10.188102
0.799000,4.812652,10.896280,0,9.284752,18.592477,10.190016
0.800000,4.823553,10.905560,0,9.275637,18.578313,10.191928
0.801000,4.834464,10.914831,0,9.266530,18.564164,10.193838
0.802000,4.845383,10.924093,0,9.257432,18.550028,10.195746
0.803000,4.856312,10.933346,0,9.248344,18.535906,10.197653
0.804000,4.867250,10.942590,0,9.239264,18.521798,10.199557
0.805000,4.878197,10.951824,0,9.230193,18.507703,10.201460
0.806000,4.889153,10.961050,0,9.221131,18.493623,10.203361
0.807000,4.900119,10.970267,0,9.212078,18.479556,10.205260
0.808000,4.911094,10.979474,0,9.203034,18.465504,10.207157
0.809000,4.922078,10.988673,0,9.193998,18.451465,10.209052
0.810000,4.933071,10.997862,0,9.184972,18.437440,10.210946
0.811000,4.944074,11.007043,0,9.175954,18.423428,10.212837
0.812000,4.955085,11.016214,0,9.166946,18.409431,10.214727
0.813000,4.966106,11.025376,0,9.157946,18.395447,10.216615
0.814000,4.977136,11.034530,0,9.148955,18.381476,10.218501
0.815000,4.988175,11.043674,0,9.139972,18.367520,10.220385
0.816000,4.999223,11.052810,0,9.130999,18.353577,10.222267
0.817000,5.010281,11.061936,0,9.122034,18.339648,10.224148
0.818000,5.021347,11.071054,0,9.113079,18.325733,10.226026
0.819000,5.032423,11.080163,0,9.104132,18.311831,10.227903
0.820000,5.043508,11.089262,0,9.095193,18.297943,10.229778
0.821000,5.054601,11.098353,0,9.086264,18.284068,10.231651
0.822000,5.065704,11.107435,0,9.077343,18.270208,10.233522
0.823000,5.076816,11.116508,0,9.068431,18.256360,10.235391
0.824000,5.087937,11.125572,0,9.059528,18.242527,10.237259
0.825000,5.099067,11.134627,0,9.050634,18.228707,10.239125
0.826000,5.110207,11.143673,0,9.041748,18.214900,10.240988
0.827000,5.121355,11.152710,0,9.032871,18.201107,10.242851
0.828000,5.132512,11.161739,0,9.024003,18.187328,10.244711
0.829000,5.143678,11.170758,0,9.015143,18.173562,10.246569
0.830000,5.154854,11.179769,0,9.006292,18.159810,10.248426
0.831000,5.166038,11.188771,0,8.997450,18.146071,10.250280
0.832000,5.177231,11.197764,0,8.988617,18.132346,10.252133
0.833000,5.188433,11.206748,0,8.979792,18.118634,10.253984
0.834000,5.199645,11.215723,0,8.970976,18.104935,10.255834
0.835000,5.210865,11.224690,0,8.962168,18.091250,10.257681
0.836000,5.222094,11.233648,0,8.953369,18.077579,10.259527
0.837000,5.233332,11.242597,0,8.944579,18.063921,10.261371
0.838000,5.244579,11.251537,0,8.935798,18.050276,10.263213
0.839000,5.255835,11.260468,0,8.927025,18.036645,10.265053
0.840000,5.267100,11.269391,0,8.918260,18.023027,10.266891
0.841000,5.278374,11.278305,0,8.909505,18.009422,10.268728
0.842000,5.289657,11.287210,0,8.900757,17.995831,10.270563
0.843000,5.300948,11.296106,0,8.892019,17.982253,10.272396
0.844000,5.312249,11.304994,0,8.883289,17.968689,10.274227
0.845000,5.323558,11.313873,0,8.874567,17.955137,10.276056
0.846000,5.334877,11.322743,0,8.865855,17.941600,10.277884
0.847000,5.346204,11.331605,0,8.857150,17.928075,10.279710
0.848000,5.357540,11.340457,0,8.848455,17.914564,10.281534
0.849000,5.368885,11.349301,0,8.839767,17.901066,10.283356
0.850000,5.380238,11.358137,0,8.831089,17.887581,10.285177
0.851000,5.391601,11.366964,0,8.822419,17.874109,10.286995
0.852000,5.402972,11.375782,0,8.813757,17.860651,10.288812
0.853000,5.414353,11.384591,0,8.805104,17.847206,10.290627
0.854000,5.425742,11.393392,0,8.796459,17.833774,10.292441
0.855000,5.437139,11.402184,0,8.787823,17.820355,10.294252
0.856000,5.448546,11.410968,0,8.779195,17.806949,10.296062
0.857000,5.459961,11.419742,0,8.770576,17.793557,10.297870
0.858000,5.471385,11.428509,0,8.761965,17.780178,10.299676
0.859000,5.482818,11.437266,0,8.753363,17.766812,10.301480
0.860000,5.494260,11.446015,0,8.744769,17.753459,10.303283
0.861000,5.505710,11.454756,0,8.736184,17.740119,10.305084
0.862000,5.517169,11.463488,0,8.727607,17.726792,10.306883
0.863000,5.528637,11.472211,0,8.719038,17.713478,10.308680
0.864000,5.540114,11.480926,0,8.710478,17.700178,10.310476
0.865000,5.551599,11.489632,0,8.701926,17.686890,10.312270
0.866000,5.563093,11.498330,0,8.693383,17.673615,10.314062
0.867000,5.574596,11.507019,0,8.684848,17.660354,10.315852
0.868000,5.586107,11.515699,0,8.676321,17.647105,10.317641
0.869000,5.597627,11.524372,0,8.667803,17.633870,10.319428
0.870000,5.609156,11.533035,0,8.659293,17.620648,10.321213
0.871000,5.620693,11.541690,0,8.650792,17.607438,10.322996
0.872000,5.632239,11.550337,0,8.642299,17.594241,10.324777
0.873000,5.643794,11.558975,0,8.633814,17.581058,10.326557
0.874000,5.655357,11.567604,0,8.625338,17.567887,10.328335
0.875000,5.666929,11.576225,0,8.616869,17.554730,10.330112
0.876000,5.678510,11.584838,0,8.608410,17.541585,10.331886
0.877000,5.690099,11.593442,0,8.599958,17.528453,10.333659
0.878000,5.701696,11.602038,0,8.591515,17.515334,10.335430
0.879000,5.713303,11.610625,0,8.583080,17.502228,10.337199
0.880000,5.724918,11.619204,0,8.574653,17.489135,10.338967
0.881000,5.736541,11.627775,0,8.566235,17.476054,10.340733
0.882000,5.748173,11.636337,0,8.557825,17.462987,10.342497
0.883000,5.759814,11.644890,0,8.549423,17.449932,10.344259
0.884000,5.771463,11.653435,0,8.541029,17.436890,10.346020
0.885000,5.783121,11.661972,0,8.532644,17.423861,10.347779
0.886000,5.794787,11.670501,0,8.524267,17.410845,10.349536
0.887000,5.806462,11.679021,0,8.515898,17.397841,10.351291
0.888000,5.818145,11.687533,0,8.507537,17.384850,10.353045
0.889000,5.829837,11.696036,0,8.499184,17.371872,10.354797
0.890000,5.841537,11.704531,0,8.490840,17.358907,10.356548
0.891000,5.853246,11.713018,0,8.482504,17.345955,10.358296
0.892000,5.864963,11.721496,0,8.474176,17.333015,10.360043
0.893000,5.876689,11.729966,0,8.465856,17.320088,10.361788
0.894000,5.888423,11.738428,0,8.457545,17.307173,10.363532
0.895000,5.900166,11.746881,0,8.449241,17.294271,10.365273
0.896000,5.911917,11.755326,0,8.440946,17.281382,10.367013
0.897000,5.923676,11.763763,0,8.432659,17.268506,10.368752
0.898000,5.935444,11.772191,0,8.424380,17.255642,10.370488
0.899000,5.947221,11.780612,0,8.416109,17.242791,10.372223
0.900000,5.959006,11.789024,0,8.407846,17.229953,10.373956
0.901000,5.970799,11.797427,0,8.399592,17.217127,10.375688
0.902000,5.982600,11.805823,0,8.391345,17.204313,10.377418
0.903000,5.994410,11.814210,0,8.383107,17.191512,10.379146
0.904000,6.006229,11.822589,0,8.374876,17.178724,10.380872
0.905000,6.018056,11.830960,0,8.366654,17.165949,10.382597
0.906000,6.029891,11.839322,0,8.358440,17.153186,10.384320
0.907000,6.041734,11.847677,0,8.350234,17.140435,10.386041
0.908000,6.053586,11.856023,0,8.342036,17.127697,10.387761
0.909000,6.065446,11.864361,0,8.333846,17.114971,10.389479
0.910000,6.077315,11.872690,0,8.325664,17.102258,10.391195
0.911000,6.089192,11.881012,0,8.317490,17.089558,10.392910
0.912000,6.101077,11.889325,0,8.309324,17.076870,10.394623
0.913000,6.112970,11.897631,0,8.301166,17.064194,10.396334
0.914000,6.124872,11.905928,0,8.293016,17.051531,10.398043
0.915000,6.136782,11.914217,0,8.284874,17.038880,10.399751
0.916000,6.148701,11.922498,0,8.276740,17.026242,10.401457
0.917000,6.160627,11.930770,0,8.268615,17.013616,10.403162
0.918000,6.172562,11.939035,0,8.260497,17.001002,10.404865
0.919000,6.184505,11.947291,0,8.252387,16.988401,10.406566
0.920000,6.196457,11.955540,0,8.244285,16.975812,10.408265
0.921000,6.208416,11.963780,0,8.236191,16.963236,10.409963
0.922000,6.220384,11.972012,0,8.228104,16.950672,10.411659
0.923000,6.232360,11.980236,0,8.220026,16.938120,10.413354
0.924000,6.244345,11.988452,0,8.211956,16.925581,10.415047
0.925000,6.256337,11.996660,0,8.203894,16.913054,10.416738
0.926000,6.268338,12.004860,0,8.195839,16.900539,10.418427
0.927000,6.280347,12.013052,0,8.187793,16.888036,10.420115
0.928000,6.292364,12.021235,0,8.179754,16.875546,10.421801
0.929000,6.304389,12.029411,0,8.171724,16.863068,10.423486
0.930000,6.316423,12.037579,0,8.163701,16.850602,10.425169
0.931000,6.328465,12.045738,0,8.155686,16.838149,10.426850
0.932000,6.340514,12.053890,0,8.147679,16.825708,10.428529
0.933000,6.352572,12.062034,0,8.139680,16.813279,10.430207
0.934000,6.364638,12.070170,0,8.131688,16.800862,10.431884
0.935000,6.376713,12.078297,0,8.123705,16.788457,10.433558
0.936000,6.388795,12.086417,0,8.115729,16.776065,10.435231
0.937000,6.400885,12.094529,0,8.107761,16.763684,10.436903
0.938000,6.412984,12.102632,0,8.099801,16.751316,10.438572
0.939000,6.425091,12.110728,0,8.091849,16.738960,10.440240
0.940000,6.437206,12.118816,0,8.083905,16.726616,10.441907
0.941000,6.449328,12.126896,0,8.075968,16.714285,10.443572
0.942000,6.461459,12.134968,0,8.068039,16.701965,10.445235
0.943000,6.473598,12.143032,0,8.060118,16.689657,10.446896
0.944000,6.485745,12.151088,0,8.052205,16.677362,10.448556
0.945000,6.497900,12.159137,0,8.044300,16.665078,10.450214
0.946000,6.510064,12.167177,0,8.036402,16.652807,10.451871
0.947000,6.522235,12.175209,0,8.028512,16.640548,10.453526
0.948000,6.534414,12.183234,0,8.020630,16.628301,10.455179
0.949000,6.546601,12.191251,0,8.012755,16.616065,10.456831
0.950000,6.558797,12.199259,0,8.004889,16.603842,10.458481
0.951000,6.571000,12.207260,0,7.997030,16.591631,10.460130
0.952000,6.583211,12.215254,0,7.989178,16.579432,10.461777
0.953000,6.595430,12.223239,0,7.981335,16.567244,10.463422
0.954000,6.607658,12.231216,0,7.973499,16.555069,10.465066
0.955000,6.619893,12.239186,0,7.965671,16.542906,10.466708
0.956000,6.632136,12.247148,0,7.957850,16.530754,10.468348
0.957000,6.644387,12.255101,0,7.950037,16.518615,10.469987
0.958000,6.656646,12.263048,0,7.942232,16.506487,10.471624
0.959000,6.668913,12.270986,0,7.934435,16.494372,10.473260
0.960000,6.681188,12.278916,0,7.926645,16.482268,10.474894
0.961000,6.693471,12.286839,0,7.918863,16.470176,10.476526
0.962000,6.705762,12.294754,0,7.911088,16.458096,10.478157
0.963000,6.718060,12.302661,0,7.903321,16.446028,10.479786
0.964000,6.730367,12.310561,0,7.895562,16.433972,10.481414
0.965000,6.742682,12.318453,0,7.887810,16.421927,10.483040
0.966000,6.755004,12.326336,0,7.880066,16.409895,10.484664
0.967000,6.767334,12.334213,0,7.872330,16.397874,10.486287
0.968000,6.779672,12.342081,0,7.864601,16.385865,10.487908
0.969000,6.792018,12.349942,0,7.856879,16.373867,10.489528
0.970000,6.804372,12.357795,0,7.849166,16.361882,10.491146
0.971000,6.816734,12.365640,0,7.841460,16.349908,10.492762
0.972000,6.829104,12.373478,0,7.833761,16.337946,10.494377
0.973000,6.841481,12.381308,0,7.826070,16.325996,10.495991
0.974000,6.853866,12.389130,0,7.818387,16.314058,10.497602
0.975000,6.866259,12.396944,0,7.810711,16.302131,10.499212
0.976000,6.878660,12.404751,0,7.803042,16.290216,10.500821
0.977000,6.891069,12.412551,0,7.795381,16.278313,10.502428
0.978000,6.903485,12.420342,0,7.787728,16.266421,10.504033
0.979000,6.915909,12.428126,0,7.780082,16.254541,10.505637
0.980000,6.928341,12.435902,0,7.772444,16.242673,10.507239
0.981000,6.940781,12.443671,0,7.764813,16.230816,10.508840
0.982000,6.953229,12.451432,0,7.757190,16.218971,10.510439
0.983000,6.965684,12.459185,0,7.749574,16.207138,10.512036
0.984000,6.978147,12.466931,0,7.741966,16.195316,10.513632
0.985000,6.990618,12.474669,0,7.734365,16.183506,10.515227
0.986000,7.003096,12.482400,0,7.726771,16.171707,10.516819
0.987000,7.015583,12.490123,0,7.719185,16.159920,10.518411
0.988000,7.028077,12.497838,0,7.711607,16.148145,10.520000
0.989000,7.040578,12.505546,0,7.704036,16.136381,10.521589
0.990000,7.053088,12.513246,0,7.696472,16.124629,10.523175
0.991000,7.065605,12.520939,0,7.688916,16.112888,10.524760
0.992000,7.078130,12.528624,0,7.681367,16.101159,10.526344
0.993000,7.090662,12.536302,0,7.673826,16.089441,10.527925
0.994000,7.103202,12.543972,0,7.666292,16.077735,10.529506
0.995000,7.115750,12.551634,0,7.658765,16.066040,10.531085
0.996000,7.128305,12.559289,0,7.651246,16.054357,10.532662
0.997000,7.140869,12.566937,0,7.643734,16.042685,10.534237
0.998000,7.153439,12.574577,0,7.636230,16.031025,10.535812
0.999000,7.166018,12.582209,0,7.628733,16.019376,10.537384
1.000000,7.178604,12.589834,0,7.621243,16.007739,10.538955
1.001000,7.191197,12.597452,0,7.613761,15.996113,10.540525
1.002000,7.203799,12.605062,0,7.606286,15.984498,10.542093
1.003000,7.216408,12.612664,0,7.598818,15.972895,10.543659
1.004000,7.229024,12.620259,0,7.591358,15.961303,10.545224
1.005000,7.241648,12.627847,0,7.583905,15.949723,10.546787
1.006000,7.254280,12.635427,0,7.576459,15.938154,10.548349
1.007000,7.266919,12.643000,0,7.569021,15.926596,10.549910
1.008000,7.279566,12.650565,0,7.561589,15.915050,10.551468
1.009000,7.292220,12.658123,0,7.554166,15.903515,10.553025
1.010000,7.304882,12.665674,0,7.546749,15.891991,10.554581
1.011000,7.317551,12.673217,0,7.539340,15.880479,10.556135
1.012000,7.330228,12.680752,0,7.531938,15.868978,10.557688
1.013000,7.342913,12.688280,0,7.524543,15.857488,10.559239
1.014000,7.355605,12.695801,0,7.517156,15.846010,10.560789
1.015000,7.368304,12.703315,0,7.509776,15.834542,10.562337
1.016000,7.381012,12.710821,0,7.502403,15.823086,10.563883
1.017000,7.393726,12.718320,0,7.495037,15.811642,10.565428
1.018000,7.406448,12.725811,0,7.487679,15.800208,10.566972
1.019000,7.419178,12.733295,0,7.480327,15.788786,10.568514
1.020000,7.431915,12.740772,0,7.472983,15.777375,10.570054
1.021000,7.444659,12.748241,0,7.465647,15.765975,10.571593
1.022000,7.457411,12.755703,0,7.458317,15.754587,10.573131
1.023000,7.470171,12.763158,0,7.450995,15.743209,10.574667
1.024000,7.482938,12.770605,0,7.443679,15.731843,10.576201
1.025000,7.495712,12.778045,0,7.436371,15.720488,10.577734
1.026000,7.508494,12.785478,0,7.429071,15.709144,10.579266
1.027000,7.521283,12.792903,0,7.421777,15.697811,10.580796
1.028000,7.534079,12.800321,0,7.414490,15.686489,10.582324
1.029000,7.546883,12.807732,0,7.407211,15.675179,10.583851
1.030000,7.559695,12.815136,0,7.399939,15.663879,10.585376
1.031000,7.572514,12.822532,0,7.392674,15.652591,10.586900
1.032000,7.585340,12.829921,0,7.385416,15.641313,10.588423
1.033000,7.598174,12.837303,0,7.378165,15.630047,10.589944
1.034000,7.611015,12.844677,0,7.370921,15.618792,10.591463
1.035000,7.623863,12.852045,0,7.363685,15.607548,10.592981
1.036000,7.636719,12.859405,0,7.356455,15.596315,10.594497
1.037000,7.649582,12.866757,0,7.349233,15.585093,10.596012
1.038000,7.662452,12.874103,0,7.342017,15.573882,10.597526
1.039000,7.675330,12.881441,0,7.334809,15.562682,10.599038
1.040000,7.688215,12.888773,0,7.327608,15.551493,10.600548
1.041000,7.701107,12.896097,0,7.320414,15.540315,10.602058
1.042000,7.714007,12.903414,0,7.313227,15.529148,10.603565
1.043000,7.726914,12.910723,0,7.306047,15.517991,10.605071
1.044000,7.739829,12.918026,0,7.298874,15.506846,10.606576
1.045000,7.752750,12.925321,0,7.291708,15.495712,10.608079
1.046000,7.765679,12.932609,0,7.284549,15.484589,10.609581
1.047000,7.778616,12.939890,0,7.277398,15.473476,10.611081
1.048000,7.791559,12.947164,0,7.270253,15.462375,10.612579
1.049000,7.804510,12.954431,0,7.263115,15.451284,10.614077
1.050000,7.817468,12.961690,0,7.255984,15.440205,10.615572
1.051000,7.830433,12.968942,0,7.248861,15.429136,10.617067
1.052000,7.843406,12.976188,0,7.241744,15.418078,10.618559
1.053000,7.856386,12.983426,0,7.234634,15.407031,10.620051
1.054000,7.869373,12.990657,0,7.227531,15.395995,10.621541
1.055000,7.882367,12.997881,0,7.220435,15.384969,10.623029
1.056000,7.895368,13.005098,0,7.213346,15.373955,10.624516
1.057000,7.908377,13.012308,0,7.206265,15.362951,10.626002
1.058000,7.921393,13.019510,0,7.199190,15.351958,10.627486
1.059000,7.934416,13.026706,0,7.192122,15.340976,10.628968
1.060000,7.947446,13.033895,0,7.185061,15.330004,10.630449
1.061000,7.960484,13.041076,0,7.178006,15.319044,10.631929
1.062000,7.973529,13.048251,0,7.170959,15.308094,10.633407
1.063000,7.986580,13.055418,0,7.163919,15.297155,10.634884
1.064000,7.999639,13.062579,0,7.156886,15.286227,10.636359
1.065000,8.012706,13.069732,0,7.149859,15.275309,10.637833
1.066000,8.025779,13.076878,0,7.142840,15.264402,10.639306
1.067000,8.038859,13.084018,0,7.135827,15.253506,10.640777
1.068000,8.051947,13.091150,0,7.128821,15.242620,10.642246
1.069000,8.065042,13.098275,0,7.121822,15.231746,10.643714
1.070000,8.078143,13.105394,0,7.114830,15.220881,10.645181
1.071000,8.091252,13.112505,0,7.107845,15.210028,10.646646
1.072000,8.104368,13.119609,0,7.100867,15.199185,10.648110
1.073000,8.117492,13.126707,0,7.093895,15.188353,10.649572
1.074000,8.130622,13.133797,0,7.086931,15.177531,10.651033
1.075000,8.143759,13.140880,0,7.079973,15.166721,10.652493
1.076000,8.156904,13.147957,0,7.073022,15.155920,10.653951
1.077000,8.170055,13.155027,0,7.066078,15.145131,10.655407
1.078000,8.183214,13.162089,0,7.059140,15.134351,10.656863
1.079000,8.196379,13.169145,0,7.052210,15.123583,10.658316
1.080000,8.209552,13.176194,0,7.045286,15.112825,10.659769
1.081000,8.222732,13.183235,0,7.038369,15.102078,10.661220
1.082000,8.235918,13.190270,0,7.031459,15.091341,10.662669
1.083000,8.249112,13.197298,0,7.024556,15.080614,10.664117
1.084000,8.262313,13.204319,0,7.017659,15.069899,10.665564
1.085000,8.275521,13.211334,0,7.010770,15.059194,10.667009
1.086000,8.288736,13.218341,0,7.003887,15.048499,10.668453
1.087000,8.301958,13.225341,0,6.997010,15.037815,10.669895
1.088000,8.315186,13.232335,0,6.990141,15.027141,10.671336
1.089000,8.328422,13.239322,0,6.983278,15.016478,10.672776
1.090000,8.341665,13.246302,0,6.976422,15.005825,10.674214
1.091000,8.354915,13.253275,0,6.969573,14.995182,10.675650
1.092000,8.368172,13.260241,0,6.962730,14.984551,10.677086
1.093000,8.381435,13.267200,0,6.955894,14.973929,10.678520
1.094000,8.394706,13.274152,0,6.949065,14.963318,10.679952
1.095000,8.407984,13.281098,0,6.942243,14.952717,10.681383
1.096000,8.421268,13.288037,0,6.935427,14.942127,10.682813
1.097000,8.434560,13.294969,0,6.928618,14.931548,10.684241
1.098000,8.447858,13.301894,0,6.921816,14.920978,10.685668
1.099000,8.461163,13.308813,0,6.915020,14.910419,10.687093
1.100000,8.474476,13.315724,0,6.908231,14.899870,10.688517
1.101000,8.487795,13.322629,0,6.901449,14.889332,10.689940
1.102000,8.501121,13.329527,0,6.894673,14.878804,10.691361
1.103000,8.514454,13.336418,0,6.887904,14.868287,10.692781
1.104000,8.527794,13.343303,0,6.881142,14.857779,10.694200
1.105000,8.541141,13.350181,0,6.874386,14.847282,10.695617
1.106000,8.554494,13.357052,0,6.867637,14.836796,10.697033
1.107000,8.567855,13.363916,0,6.860894,14.826319,10.698447
1.108000,8.581222,13.370773,0,6.854158,14.815853,10.699860
1.109000,8.594596,13.377624,0,6.847429,14.805397,10.701271
1.110000,8.607977,13.384468,0,6.840706,14.794952,10.702682
1.111000,8.621365,13.391306,0,6.833990,14.784516,10.704090
1.112000,8.634760,13.398136,0,6.827281,14.774091,10.705498
1.113000,8.648161,13.404960,0,6.820578,14.763677,10.706904
1.114000,8.661570,13.411777,0,6.813882,14.753272,10.708308
1.115000,8.674985,13.418588,0,6.807192,14.742878,10.709712
1.116000,8.688407,13.425392,0,6.800509,14.732493,10.711113
1.117000,8.701836,13.432189,0,6.793832,14.722119,10.712514
1.118000,8.715271,13.438980,0,6.787162,14.711756,10.713913
1.119000,8.728714,13.445763,0,6.780499,14.701402,10.715311
1.120000,8.742163,13.452541,0,6.773842,14.691059,10.716707
1.121000,8.755619,13.459311,0,6.767192,14.680725,10.718102
1.122000,8.769081,13.466075,0,6.760548,14.670402,10.719496
1.123000,8.782551,13.472832,0,6.753910,14.660089,10.720888
1.124000,8.796027,13.479583,0,6.747280,14.649786,10.722279
1.125000,8.809510,13.486327,0,6.740655,14.639493,10.723668
1.126000,8.823000,13.493064,0,6.734037,14.629211,10.725057
1.127000,8.836496,13.499795,0,6.727426,14.618938,10.726443
1.128000,8.849999,13.506519,0,6.720821,14.608676,10.727829
1.129000,8.863509,13.513236,0,6.714223,14.598423,10.729213
1.130000,8.877026,13.519947,0,6.707631,14.588181,10.730596
1.131000,8.890549,13.526652,0,6.701046,14.577949,10.731977
1.132000,8.904079,13.533349,0,6.694467,14.567726,10.733357
1.133000,8.917616,13.540041,0,6.687894,14.557514,10.734736
1.134000,8.931159,13.546725,0,6.681328,14.547312,10.736113
1.135000,8.944709,13.553403,0,6.674769,14.537120,10.737489
1.136000,8.958266,13.560075,0,6.668216,14.526938,10.738863
1.137000,8.971829,13.566740,0,6.661669,14.516765,10.740237
1.138000,8.985399,13.573398,0,6.655129,14.506603,10.741609
1.139000,8.998976,13.580050,0,6.648595,14.496451,10.742979
1.140000,9.012560,13.586695,0,6.642067,14.486309,10.744348
1.141000,9.026150,13.593334,0,6.635546,14.476176,10.745716
1.142000,9.039746,13.599966,0,6.629032,14.466054,10.747083
1.143000,9.053350,13.606592,0,6.622523,14.455942,10.748448
1.144000,9.066959,13.613211,0,6.616022,14.445839,10.749812
1.145000,9.080576,13.619824,0,6.609526,14.435747,10.751174
1.146000,9.094199,13.626430,0,6.603037,14.425664,10.752535
1.147000,9.107829,13.633030,0,6.596554,14.415591,10.753895
1.148000,9.121465,13.639624,0,6.590078,14.405528,10.755254
1.149000,9.135108,13.646210,0,6.583608,14.395476,10.756611
1.150000,9.148758,13.652791,0,6.577144,14.385432,10.757967
1.151000,9.162414,13.659365,0,6.570687,14.375399,10.759321
1.152000,9.176076,13.665932,0,6.564236,14.365376,10.760674
1.153000,9.189745,13.672493,0,6.557792,14.355362,10.762026
1.154000,9.203421,13.679048,0,6.551353,14.345359,10.763377
1.155000,9.217104,13.685596,0,6.544921,14.335365,10.764726
1.156000,9.230792,13.692138,0,6.538496,14.325381,10.766074
1.157000,9.244488,13.698673,0,6.532076,14.315406,10.767420
1.158000,9.258190,13.705202,0,6.525663,14.305442,10.768765
1.159000,9.271898,13.711724,0,6.519256,14.295487,10.770109
1.160000,9.285613,13.718240,0,6.512856,14.285542,10.771452
1.161000,9.299335,13.724750,0,6.506462,14.275607,10.772793
1.162000,9.313063,13.731253,0,6.500074,14.265681,10.774133
1.163000,9.326797,13.737750,0,6.493692,14.255766,10.775472
1.164000,9.340538,13.744241,0,6.487317,14.245860,10.776809
1.165000,9.354286,13.750725,0,6.480948,14.235964,10.778145
1.166000,9.368040,13.757202,0,6.474585,14.226077,10.779480
1.167000,9.381800,13.763674,0,6.468228,14.216200,10.780813
1.168000,9.395567,13.770139,0,6.461878,14.206333,10.782145
1.169000,9.409340,13.776598,0,6.455534,14.196476,10.783476
1.170000,9.423120,13.783050,0,6.449196,14.186628,10.784805
1.171000,9.436906,13.789496,0,6.442864,14.176790,10.786133
1.172000,9.450699,13.795936,0,6.436539,14.166962,10.787460
1.173000,9.464498,13.802369,0,6.430220,14.157143,10.788786
1.174000,9.478304,13.808796,0,6.423907,14.147334,10.790110
1.175000,9.492116,13.815217,0,6.417600,14.137534,10.791433
1.176000,9.505934,13.821631,0,6.411299,14.127744,10.792754
1.177000,9.519759,13.828040,0,6.405005,14.117964,10.794075
1.178000,9.533590,13.834441,0,6.398716,14.108194,10.795394
1.179000,9.547428,13.840837,0,6.392434,14.098432,10.796712
1.180000,9.561272,13.847226,0,6.386158,14.088681,10.798028
1.181000,9.575123,13.853609,0,6.379889,14.078939,10.799343
1.182000,9.588979,13.859986,0,6.373625,14.069207,10.800657
1.183000,9.602842,13.866357,0,6.367368,14.059484,10.801970
1.184000,9.616712,13.872721,0,6.361116,14.049771,10.803281
1.185000,9.630588,13.879079,0,6.354871,14.040067,10.804591
1.186000,9.644470,13.885431,0,6.348632,14.030373,10.805900
1.187000,9.658359,13.891776,0,6.342399,14.020688,10.807207
1.188000,9.672254,13.898115,0,6.336172,14.011013,10.808513
1.189000,9.686155,13.904448,0,6.329951,14.001347,10.809818
1.190000,9.700063,13.910775,0,6.323737,13.991691,10.811122
1.191000,9.713977,13.917096,0,6.317528,13.982045,10.812424
1.192000,9.727897,13.923410,0,6.311326,13.972407,10.813725
1.193000,9.741823,13.929718,0,6.305130,13.962780,10.815025
1.194000,9.755756,13.936021,0,6.298939,13.953161,10.816323
1.195000,9.769695,13.942316,0,6.292755,13.943553,10.817620
1.196000,9.783641,13.948606,0,6.286577,13.933953,10.818916
1.197000,9.797593,13.954890,0,6.280405,13.924363,10.820211
1.198000,9.811551,13.961167,0,6.274239,13.914783,10.821504
1.199000,9.825515,13.967438,0,6.268079,13.905211,10.822796
1.200000,9.839486,13.973703,0,6.261925,13.895650,10.824087
1.201000,9.853462,13.979962,0,6.255778,13.886097,10.825377
1.202000,9.867445,13.986215,0,6.249636,13.876554,10.826665
1.203000,9.881435,13.992461,0,6.243500,13.867021,10.827952
1.204000,9.895430,13.998702,0,6.237370,13.857496,10.829238
1.205000,9.909432,14.004936,0,6.231247,13.847981,10.830523
1.206000,9.923440,14.011164,0,6.225129,13.838476,10.831806
1.207000,9.937455,14.017386,0,6.219017,13.828979,10.833088
1.208000,9.951475,14.023602,0,6.212912,13.819493,10.834369
1.209000,9.965502,14.029812,0,6.206812,13.810015,10.835648
1.210000,9.979535,14.036016,0,6.200718,13.800547,10.836926
1.211000,9.993574,14.042213,0,6.194631,13.791088,10.838203
1.212000,10.007619,14.048405,0,6.188549,13.781638,10.839479
