t,feet,ft/s,slip,ft/s/s,amps/10,Vm,run=8.46_4inch_wheel_2.CSV build=2013-12-18_905p Kro=10.0 Krv= 0.0 Kf=0.7 Vspec=12.0 Tspec=343.4 Wspec= 5310 Ispec=133.0 Rcom=0.013 Vbat=12.70 Rone=0.002 n=4 G= 8.46 r=4.0 M=120 uk=0.60 us=0.70
0.000000,0.000000,0.000000,1,16.623208,30.136690,8.631547
0.001000,0.000008,0.016623,1,16.623208,30.136690,8.631547
0.002000,0.000033,0.033246,1,16.623208,30.136690,8.631547
0.003000,0.000075,0.049870,1,16.623208,30.136690,8.631547
0.004000,0.000133,0.066493,1,16.623208,30.136690,8.631547
0.005000,0.000208,0.083116,1,16.623208,30.136690,8.631547
0.006000,0.000299,0.099739,1,16.623208,30.136690,8.631547
0.007000,0.000407,0.116362,1,16.623208,30.136690,8.631547
0.008000,0.000532,0.132986,1,16.623208,30.136690,8.631547
0.009000,0.000673,0.149609,1,16.623208,30.136690,8.631547
0.010000,0.000831,0.166232,1,16.623208,30.136690,8.631547
0.011000,0.001006,0.182855,1,16.623208,30.136690,8.631547
0.012000,0.001197,0.199478,1,16.623208,30.136690,8.631547
0.013000,0.001405,0.216102,1,16.623208,30.136690,8.631547
0.014000,0.001629,0.232725,1,16.623208,30.136690,8.631547
0.015000,0.001870,0.249348,1,16.623208,30.136690,8.631547
0.016000,0.002128,0.265971,1,16.623208,30.136690,8.631547
0.017000,0.002402,0.282595,1,16.623208,30.136690,8.631547
0.018000,0.002693,0.299218,1,16.623208,30.136690,8.631547
0.019000,0.003000,0.315841,1,16.623208,30.136690,8.631547
0.020000,0.003325,0.332464,1,16.623208,30.136690,8.631547
0.021000,0.003665,0.349087,1,16.623208,30.136690,8.631547
0.022000,0.004023,0.365711,1,16.623208,30.136690,8.631547
0.023000,0.004397,0.382334,1,16.623208,30.136690,8.631547
0.024000,0.004787,0.398957,1,16.623208,30.136690,8.631547
0.025000,0.005195,0.415580,1,16.623208,30.136690,8.631547
0.026000,0.005619,0.432203,1,16.623208,30.136690,8.631547
0.027000,0.006059,0.448827,1,16.623208,30.136690,8.631547
0.028000,0.006516,0.465450,1,16.623208,30.136690,8.631547
0.029000,0.006990,0.482073,1,16.623208,30.136690,8.631547
0.030000,0.007480,0.498696,1,16.623208,30.136690,8.631547
0.031000,0.007987,0.515319,1,16.623208,30.136690,8.631547
0.032000,0.008511,0.531943,1,16.623208,30.136690,8.631547
0.033000,0.009051,0.548566,1,16.623208,30.136690,8.631547
0.034000,0.009608,0.565189,1,16.623208,30.136690,8.631547
0.035000,0.010182,0.581812,1,16.623208,30.136690,8.631547
0.036000,0.010772,0.598435,1,16.623208,30.136690,8.631547
0.037000,0.011379,0.615059,1,16.623208,30.136690,8.631547
0.038000,0.012002,0.631682,1,16.623208,30.136690,8.631547
0.039000,0.012642,0.648305,1,16.623208,30.136690,8.631547
0.040000,0.013299,0.664928,1,16.623208,30.136690,8.631547
0.041000,0.013972,0.681552,1,16.623208,30.136690,8.631547
0.042000,0.014662,0.698175,1,16.623208,30.136690,8.631547
0.043000,0.015368,0.714798,1,16.623208,30.136690,8.631547
0.044000,0.016091,0.731421,1,16.623208,30.136690,8.631547
0.045000,0.016831,0.748044,1,16.623208,30.136690,8.631547
0.046000,0.017587,0.764668,1,16.623208,30.136690,8.631547
0.047000,0.018360,0.781291,1,16.623208,30.136690,8.631547
0.048000,0.019150,0.797914,1,16.623208,30.136690,8.631547
0.049000,0.019956,0.814537,1,16.623208,30.136690,8.631547
0.050000,0.020779,0.831160,1,16.623208,30.136690,8.631547
0.051000,0.021618,0.847784,1,16.623208,30.136690,8.631547
0.052000,0.022475,0.864407,1,16.623208,30.136690,8.631547
0.053000,0.023347,0.881030,1,16.623208,30.136690,8.631547
0.054000,0.024237,0.897653,1,16.623208,30.136690,8.631547
0.055000,0.025143,0.914276,1,16.623208,30.136690,8.631547
0.056000,0.026065,0.930900,1,16.623208,30.136690,8.631547
0.057000,0.027004,0.947523,1,16.623208,30.136690,8.631547
0.058000,0.027960,0.964146,1,16.623208,30.136690,8.631547
0.059000,0.028933,0.980769,1,16.623208,30.136690,8.631547
0.060000,0.029922,0.997392,1,16.623208,30.136690,8.631547
0.061000,0.030927,1.014016,1,16.623208,30.136690,8.631547
0.062000,0.031950,1.030639,1,16.623208,30.136690,8.631547
0.063000,0.032989,1.047262,1,16.623208,30.136690,8.631547
0.064000,0.034044,1.063885,1,16.623208,30.136690,8.631547
0.065000,0.035117,1.080509,1,16.623208,30.136690,8.631547
0.066000,0.036205,1.097132,1,16.623208,30.136690,8.631547
0.067000,0.037311,1.113755,1,16.623208,30.136690,8.631547
0.068000,0.038433,1.130378,1,16.623208,30.136690,8.631547
0.069000,0.039572,1.147001,1,16.623208,30.136690,8.631547
0.070000,0.040727,1.163625,1,16.623208,30.136690,8.631547
0.071000,0.041899,1.180248,1,16.623208,30.136690,8.631547
0.072000,0.043087,1.196871,1,16.623208,30.136690,8.631547
0.073000,0.044293,1.213494,1,16.623208,30.136690,8.631547
0.074000,0.045514,1.230117,1,16.623208,30.136690,8.631547
0.075000,0.046753,1.246741,1,16.623208,30.136690,8.631547
0.076000,0.048008,1.263364,1,16.623208,30.136690,8.631547
0.077000,0.049280,1.279987,1,16.623208,30.136690,8.631547
0.078000,0.050568,1.296610,1,16.623208,30.136690,8.631547
0.079000,0.051873,1.313233,1,16.623208,30.136690,8.631547
0.080000,0.053194,1.329857,1,16.623208,30.136690,8.631547
0.081000,0.054532,1.346480,1,16.623208,30.136690,8.631547
0.082000,0.055887,1.363103,1,16.623208,30.136690,8.631547
0.083000,0.057259,1.379726,1,16.623208,30.136690,8.631547
0.084000,0.058647,1.396349,1,16.623208,30.136690,8.631547
0.085000,0.060051,1.412973,1,16.623208,30.136690,8.631547
0.086000,0.061473,1.429596,1,16.623208,30.136690,8.631547
0.087000,0.062911,1.446219,1,16.623208,30.136690,8.631547
0.088000,0.064365,1.462842,1,16.623208,30.136690,8.631547
0.089000,0.065836,1.479466,1,16.623208,30.136690,8.631547
0.090000,0.067324,1.496089,1,16.623208,30.136690,8.631547
0.091000,0.068828,1.512712,1,16.623208,30.136690,8.631547
0.092000,0.070349,1.529335,1,16.623208,30.136690,8.631547
0.093000,0.071887,1.545958,1,16.623208,30.136690,8.631547
0.094000,0.073441,1.562582,1,16.623208,30.136690,8.631547
0.095000,0.075012,1.579205,1,16.623208,30.136690,8.631547
0.096000,0.076600,1.595828,1,16.623208,30.136690,8.631547
0.097000,0.078204,1.612451,1,16.623208,30.136690,8.631547
0.098000,0.079825,1.629074,1,16.623208,30.136690,8.631547
0.099000,0.081462,1.645698,1,16.623208,30.136690,8.631547
0.100000,0.083116,1.662321,1,16.623208,30.136690,8.631547
0.101000,0.084787,1.678944,1,16.623208,30.136690,8.631547
0.102000,0.086474,1.695567,1,16.623208,30.136690,8.631547
0.103000,0.088178,1.712190,1,16.623208,30.136690,8.631547
0.104000,0.089898,1.728814,1,16.623208,30.136690,8.631547
0.105000,0.091635,1.745437,1,16.623208,30.136690,8.631547
0.106000,0.093389,1.762060,1,16.623208,30.136690,8.631547
0.107000,0.095160,1.778683,1,16.623208,30.136690,8.631547
0.108000,0.096947,1.795306,1,16.623208,30.136690,8.631547
0.109000,0.098750,1.811930,1,16.623208,30.136690,8.631547
0.110000,0.100570,1.828553,1,16.623208,30.136690,8.631547
0.111000,0.102407,1.845176,1,16.623208,30.136690,8.631547
0.112000,0.104261,1.861799,1,16.623208,30.136690,8.631547
0.113000,0.106131,1.878423,1,16.623208,30.136690,8.631547
0.114000,0.108018,1.895046,1,16.623208,30.136690,8.631547
0.115000,0.109921,1.911669,1,16.623208,30.136690,8.631547
0.116000,0.111841,1.928292,1,16.623208,30.136690,8.631547
0.117000,0.113778,1.944915,1,16.623208,30.136690,8.631547
0.118000,0.115731,1.961539,1,16.623208,30.136690,8.631547
0.119000,0.117701,1.978162,1,16.623208,30.136690,8.631547
0.120000,0.119687,1.994785,1,16.623208,30.136690,8.631547
0.121000,0.121690,2.011408,1,16.623208,30.136690,8.631547
0.122000,0.123710,2.028031,1,16.623208,30.136690,8.631547
0.123000,0.125746,2.044655,1,16.623208,30.136690,8.631547
0.124000,0.127799,2.061278,1,16.623208,30.136690,8.631547
0.125000,0.129869,2.077901,1,16.623208,30.136690,8.631547
0.126000,0.131955,2.094524,1,16.623208,30.136690,8.631547
0.127000,0.134058,2.111147,1,16.623208,30.136690,8.631547
0.128000,0.136177,2.127771,1,16.623208,30.136690,8.631547
0.129000,0.138313,2.144394,1,16.623208,30.136690,8.631547
0.130000,0.140466,2.161017,1,16.623208,30.136690,8.631547
0.131000,0.142635,2.177640,1,16.623208,30.136690,8.631547
0.132000,0.144821,2.194263,1,16.623208,30.136690,8.631547
0.133000,0.147024,2.210887,1,16.623208,30.136690,8.631547
0.134000,0.149243,2.227510,1,16.623208,30.136690,8.631547
0.135000,0.151479,2.244133,1,16.623208,30.136690,8.631547
0.136000,0.153731,2.260756,1,16.623208,30.136690,8.631547
0.137000,0.156000,2.277380,1,16.623208,30.136690,8.631547
0.138000,0.158286,2.294003,1,16.623208,30.136690,8.631547
0.139000,0.160589,2.310626,1,16.623208,30.136690,8.631547
0.140000,0.162907,2.327249,1,16.623208,30.136690,8.631547
0.141000,0.165243,2.343872,1,16.623208,30.136690,8.631547
0.142000,0.167595,2.360496,1,16.623208,30.136690,8.631547
0.143000,0.169964,2.377119,1,16.623208,30.136690,8.631547
0.144000,0.172349,2.393742,1,16.623208,30.136690,8.631547
0.145000,0.174751,2.410365,1,16.623208,30.136690,8.631547
0.146000,0.177170,2.426988,1,16.623208,30.136690,8.631547
0.147000,0.179605,2.443612,1,16.623208,30.136690,8.631547
0.148000,0.182057,2.460235,1,16.623208,30.136690,8.631547
0.149000,0.184526,2.476858,1,16.623208,30.136690,8.631547
0.150000,0.187011,2.493481,1,16.623208,30.136690,8.631547
0.151000,0.189513,2.510104,1,16.623208,30.136690,8.631547
0.152000,0.192031,2.526728,1,16.623208,30.136690,8.631547
0.153000,0.194566,2.543351,1,16.623208,30.136690,8.631547
0.154000,0.197118,2.559974,1,16.623208,30.136690,8.631547
0.155000,0.199686,2.576597,1,16.623208,30.136690,8.631547
0.156000,0.202271,2.593220,1,16.623208,30.136690,8.631547
0.157000,0.204873,2.609844,1,16.623208,30.136690,8.631547
0.158000,0.207491,2.626467,1,16.623208,30.136690,8.631547
0.159000,0.210126,2.643090,1,16.623208,30.136690,8.631547
0.160000,0.212777,2.659713,1,16.623208,30.136690,8.631547
0.161000,0.215445,2.676337,1,16.623208,30.136690,8.631547
0.162000,0.218130,2.692960,1,16.623208,30.136690,8.631547
0.163000,0.220831,2.709583,1,16.623208,30.136690,8.631547
0.164000,0.223549,2.726206,1,16.623208,30.136690,8.631547
0.165000,0.226283,2.742829,1,16.623208,30.136690,8.631547
0.166000,0.229035,2.759453,1,16.623208,30.136690,8.631547
0.167000,0.231802,2.776076,1,16.623208,30.136690,8.631547
0.168000,0.234587,2.792699,1,16.623208,30.136690,8.631547
0.169000,0.237388,2.809322,1,16.623208,30.136690,8.631547
0.170000,0.240205,2.825945,1,16.623208,30.136690,8.631547
0.171000,0.243040,2.842569,1,16.623208,30.136690,8.631547
0.172000,0.245890,2.859192,1,16.623208,30.136690,8.631547
0.173000,0.248758,2.875815,1,16.623208,30.136690,8.631547
0.174000,0.251642,2.892438,1,16.623208,30.136690,8.631547
0.175000,0.254543,2.909061,1,16.623208,30.136690,8.631547
0.176000,0.257460,2.925685,1,16.623208,30.136690,8.631547
0.177000,0.260394,2.942308,1,16.623208,30.136690,8.631547
0.178000,0.263345,2.958931,1,16.623208,30.136690,8.631547
0.179000,0.266312,2.975554,1,16.623208,30.136690,8.631547
0.180000,0.269296,2.992177,1,16.623208,30.136690,8.631547
0.181000,0.272296,3.008801,1,16.623208,30.136690,8.631547
0.182000,0.275314,3.025424,1,16.623208,30.136690,8.631547
0.183000,0.278347,3.042047,1,16.623208,30.136690,8.631547
0.184000,0.281398,3.058670,1,16.623208,30.136690,8.631547
0.185000,0.284465,3.075294,1,16.623208,30.136690,8.631547
0.186000,0.287548,3.091917,1,16.623208,30.136690,8.631547
0.187000,0.290648,3.108540,1,16.623208,30.136690,8.631547
0.188000,0.293765,3.125163,1,16.623208,30.136690,8.631547
0.189000,0.296899,3.141786,1,16.623208,30.136690,8.631547
0.190000,0.300049,3.158410,1,16.623208,30.136690,8.631547
0.191000,0.303216,3.175033,1,16.623208,30.136690,8.631547
0.192000,0.306399,3.191656,1,16.623208,30.136690,8.631547
0.193000,0.309599,3.208279,1,16.623208,30.136690,8.631547
0.194000,0.312816,3.224902,1,16.623208,30.136690,8.631547
0.195000,0.316049,3.241526,1,16.623208,30.136690,8.631547
0.196000,0.319299,3.258149,1,16.623208,30.136690,8.631547
0.197000,0.322565,3.274772,1,16.623208,30.136690,8.631547
0.198000,0.325848,3.291395,1,16.623208,30.136690,8.631547
0.199000,0.329148,3.308018,1,16.623208,30.136690,8.631547
0.200000,0.332464,3.324642,1,16.623208,30.136690,8.631547
0.201000,0.335797,3.341265,1,16.623208,30.136690,8.631547
0.202000,0.339147,3.357883,0,16.613702,30.121851,8.633550
0.203000,0.342513,3.374489,0,16.597544,30.096626,8.636955
0.204000,0.345896,3.391078,0,16.581402,30.071426,8.640358
0.205000,0.349295,3.407652,0,16.565276,30.046250,8.643756
0.206000,0.352711,3.424209,0,16.549165,30.021099,8.647152
0.207000,0.356143,3.440750,0,16.533070,29.995973,8.650544
0.208000,0.359592,3.457275,0,16.516991,29.970871,8.653932
0.209000,0.363058,3.473784,0,16.500927,29.945793,8.657318
0.210000,0.366540,3.490277,0,16.484879,29.920739,8.660700
0.211000,0.370039,3.506754,0,16.468846,29.895711,8.664079
0.212000,0.373554,3.523215,0,16.452829,29.870706,8.667455
0.213000,0.377085,3.539659,0,16.436828,29.845726,8.670827
0.214000,0.380633,3.556088,0,16.420842,29.820770,8.674196
0.215000,0.384197,3.572501,0,16.404871,29.795838,8.677562
0.216000,0.387778,3.588898,0,16.388917,29.770930,8.680924
0.217000,0.391375,3.605279,0,16.372977,29.746047,8.684284
0.218000,0.394988,3.621644,0,16.357054,29.721188,8.687640
0.219000,0.398618,3.637993,0,16.341145,29.696353,8.690992
0.220000,0.402264,3.654326,0,16.325253,29.671542,8.694342
0.221000,0.405927,3.670644,0,16.309375,29.646756,8.697688
0.222000,0.409606,3.686945,0,16.293513,29.621993,8.701031
0.223000,0.413301,3.703231,0,16.277667,29.597255,8.704371
0.224000,0.417012,3.719500,0,16.261836,29.572540,8.707707
0.225000,0.420740,3.735754,0,16.246020,29.547850,8.711040
0.226000,0.424484,3.751992,0,16.230220,29.523184,8.714370
0.227000,0.428244,3.768215,0,16.214435,29.498541,8.717697
0.228000,0.432020,3.784421,0,16.198666,29.473923,8.721020
0.229000,0.435813,3.800612,0,16.182911,29.449328,8.724341
0.230000,0.439621,3.816787,0,16.167172,29.424758,8.727658
0.231000,0.443446,3.832946,0,16.151449,29.400211,8.730971
0.232000,0.447287,3.849090,0,16.135741,29.375689,8.734282
0.233000,0.451144,3.865218,0,16.120048,29.351190,8.737589
0.234000,0.455018,3.881330,0,16.104370,29.326715,8.740894
0.235000,0.458907,3.897427,0,16.088707,29.302263,8.744194
0.236000,0.462812,3.913508,0,16.073060,29.277836,8.747492
0.237000,0.466734,3.929573,0,16.057428,29.253432,8.750787
0.238000,0.470672,3.945622,0,16.041811,29.229052,8.754078
0.239000,0.474625,3.961656,0,16.026209,29.204696,8.757366
0.240000,0.478595,3.977675,0,16.010623,29.180363,8.760651
0.241000,0.482580,3.993678,0,15.995052,29.156054,8.763933
0.242000,0.486582,4.009665,0,15.979495,29.131769,8.767211
0.243000,0.490600,4.025637,0,15.963954,29.107508,8.770486
0.244000,0.494633,4.041593,0,15.948428,29.083269,8.773759
0.245000,0.498683,4.057533,0,15.932918,29.059055,8.777028
0.246000,0.502748,4.073459,0,15.917422,29.034864,8.780293
0.247000,0.506830,4.089368,0,15.901941,29.010697,8.783556
0.248000,0.510927,4.105263,0,15.886476,28.986553,8.786815
0.249000,0.515040,4.121141,0,15.871025,28.962432,8.790072
0.250000,0.519169,4.137005,0,15.855589,28.938335,8.793325
0.251000,0.523314,4.152852,0,15.840169,28.914262,8.796575
0.252000,0.527475,4.168685,0,15.824763,28.890212,8.799821
0.253000,0.531652,4.184502,0,15.809373,28.866185,8.803065
0.254000,0.535844,4.200304,0,15.793997,28.842182,8.806305
0.255000,0.540052,4.216090,0,15.778636,28.818202,8.809543
0.256000,0.544276,4.231861,0,15.763291,28.794245,8.812777
0.257000,0.548516,4.247617,0,15.747960,28.770311,8.816008
0.258000,0.552772,4.263357,0,15.732644,28.746401,8.819236
0.259000,0.557043,4.279082,0,15.717343,28.722515,8.822461
0.260000,0.561330,4.294792,0,15.702057,28.698651,8.825682
0.261000,0.565632,4.310486,0,15.686786,28.674810,8.828901
0.262000,0.569951,4.326165,0,15.671529,28.650993,8.832116
0.263000,0.574285,4.341829,0,15.656288,28.627199,8.835328
0.264000,0.578634,4.357478,0,15.641061,28.603428,8.838537
0.265000,0.583000,4.373111,0,15.625849,28.579680,8.841743
0.266000,0.587381,4.388729,0,15.610652,28.555956,8.844946
0.267000,0.591777,4.404332,0,15.595470,28.532254,8.848146
0.268000,0.596189,4.419920,0,15.580302,28.508575,8.851342
0.269000,0.600617,4.435493,0,15.565149,28.484920,8.854536
0.270000,0.605060,4.451051,0,15.550011,28.461287,8.857726
0.271000,0.609519,4.466593,0,15.534888,28.437678,8.860914
0.272000,0.613993,4.482120,0,15.519779,28.414091,8.864098
0.273000,0.618483,4.497633,0,15.504685,28.390527,8.867279
0.274000,0.622989,4.513130,0,15.489606,28.366987,8.870457
0.275000,0.627510,4.528612,0,15.474541,28.343469,8.873632
0.276000,0.632046,4.544079,0,15.459491,28.319974,8.876804
0.277000,0.636598,4.559531,0,15.444456,28.296502,8.879972
0.278000,0.641165,4.574968,0,15.429435,28.273052,8.883138
0.279000,0.645748,4.590390,0,15.414429,28.249626,8.886301
0.280000,0.650346,4.605797,0,15.399438,28.226222,8.889460
0.281000,0.654959,4.621189,0,15.384461,28.202841,8.892616
0.282000,0.659588,4.636566,0,15.369499,28.179483,8.895770
0.283000,0.664232,4.651928,0,15.354551,28.156147,8.898920
0.284000,0.668892,4.667275,0,15.339618,28.132835,8.902067
0.285000,0.673567,4.682607,0,15.324699,28.109545,8.905211
0.286000,0.678257,4.697924,0,15.309795,28.086277,8.908353
0.287000,0.682963,4.713226,0,15.294905,28.063032,8.911491
0.288000,0.687684,4.728514,0,15.280030,28.039810,8.914626
0.289000,0.692420,4.743786,0,15.265169,28.016610,8.917758
0.290000,0.697171,4.759044,0,15.250322,27.993433,8.920887
0.291000,0.701938,4.774287,0,15.235491,27.970279,8.924012
0.292000,0.706720,4.789515,0,15.220673,27.947147,8.927135
0.293000,0.711517,4.804728,0,15.205870,27.924037,8.930255
0.294000,0.716329,4.819927,0,15.191081,27.900950,8.933372
0.295000,0.721157,4.835111,0,15.176307,27.877885,8.936485
0.296000,0.725999,4.850280,0,15.161547,27.854843,8.939596
0.297000,0.730857,4.865434,0,15.146802,27.831823,8.942704
0.298000,0.735730,4.880573,0,15.132070,27.808826,8.945808
0.299000,0.740618,4.895698,0,15.117354,27.785851,8.948910
0.300000,0.745522,4.910808,0,15.102651,27.762898,8.952009
0.301000,0.750440,4.925903,0,15.087963,27.739968,8.955104
0.302000,0.755373,4.940984,0,15.073289,27.717060,8.958197
0.303000,0.760322,4.956050,0,15.058629,27.694174,8.961286
0.304000,0.765285,4.971101,0,15.043984,27.671311,8.964373
0.305000,0.770264,4.986138,0,15.029352,27.648469,8.967457
0.306000,0.775258,5.001160,0,15.014735,27.625650,8.970537
0.307000,0.780266,5.016167,0,15.000133,27.602854,8.973615
0.308000,0.785290,5.031160,0,14.985544,27.580079,8.976689
0.309000,0.790329,5.046138,0,14.970970,27.557326,8.979761
0.310000,0.795382,5.061102,0,14.956409,27.534596,8.982830
0.311000,0.800451,5.076051,0,14.941863,27.511888,8.985895
0.312000,0.805534,5.090986,0,14.927331,27.489201,8.988958
0.313000,0.810633,5.105906,0,14.912814,27.466537,8.992017
0.314000,0.815746,5.120811,0,14.898310,27.443895,8.995074
0.315000,0.820875,5.135702,0,14.883821,27.421275,8.998128
0.316000,0.826018,5.150579,0,14.869345,27.398677,9.001179
0.317000,0.831176,5.165441,0,14.854884,27.376101,9.004226
0.318000,0.836349,5.180289,0,14.840436,27.353547,9.007271
0.319000,0.841536,5.195122,0,14.826003,27.331014,9.010313
0.320000,0.846739,5.209941,0,14.811584,27.308504,9.013352
0.321000,0.851956,5.224745,0,14.797179,27.286016,9.016388
0.322000,0.857188,5.239535,0,14.782788,27.263549,9.019421
0.323000,0.862435,5.254311,0,14.768410,27.241104,9.022451
0.324000,0.867697,5.269072,0,14.754047,27.218682,9.025478
0.325000,0.872973,5.283819,0,14.739698,27.196280,9.028502
0.326000,0.878264,5.298551,0,14.725363,27.173901,9.031523
0.327000,0.883570,5.313269,0,14.711041,27.151544,9.034542
0.328000,0.888891,5.327973,0,14.696734,27.129208,9.037557
0.329000,0.894226,5.342663,0,14.682440,27.106894,9.040569
0.330000,0.899576,5.357338,0,14.668161,27.084602,9.043579
0.331000,0.904941,5.371999,0,14.653895,27.062331,9.046585
0.332000,0.910320,5.386646,0,14.639643,27.040082,9.049589
0.333000,0.915714,5.401279,0,14.625405,27.017855,9.052590
0.334000,0.921123,5.415897,0,14.611181,26.995649,9.055587
0.335000,0.926546,5.430501,0,14.596971,26.973465,9.058582
0.336000,0.931984,5.445091,0,14.582774,26.951302,9.061574
0.337000,0.937436,5.459666,0,14.568592,26.929161,9.064563
0.338000,0.942903,5.474228,0,14.554423,26.907042,9.067549
0.339000,0.948385,5.488775,0,14.540268,26.884944,9.070533
0.340000,0.953881,5.503308,0,14.526127,26.862867,9.073513
0.341000,0.959391,5.517828,0,14.511999,26.840812,9.076490
0.342000,0.964916,5.532332,0,14.497885,26.818779,9.079465
0.343000,0.970456,5.546823,0,14.483785,26.796766,9.082437
0.344000,0.976010,5.561300,0,14.469699,26.774776,9.085405
0.345000,0.981579,5.575763,0,14.455626,26.752806,9.088371
0.346000,0.987162,5.590211,0,14.441567,26.730858,9.091334
0.347000,0.992759,5.604646,0,14.427522,26.708932,9.094294
0.348000,0.998371,5.619066,0,14.413490,26.687026,9.097251
0.349000,1.003997,5.633473,0,14.399472,26.665142,9.100206
0.350000,1.009638,5.647865,0,14.385468,26.643280,9.103157
0.351000,1.015293,5.662244,0,14.371477,26.621438,9.106106
0.352000,1.020962,5.676608,0,14.357500,26.599618,9.109052
0.353000,1.026646,5.690959,0,14.343536,26.577819,9.111994
0.354000,1.032344,5.705295,0,14.329586,26.556041,9.114934
0.355000,1.038057,5.719618,0,14.315650,26.534285,9.117872
0.356000,1.043783,5.733927,0,14.301727,26.512549,9.120806
0.357000,1.049524,5.748221,0,14.287818,26.490835,9.123737
0.358000,1.055280,5.762502,0,14.273922,26.469142,9.126666
0.359000,1.061049,5.776769,0,14.260039,26.447470,9.129592
0.360000,1.066833,5.791022,0,14.246171,26.425819,9.132514
0.361000,1.072631,5.805262,0,14.232315,26.404189,9.135435
0.362000,1.078444,5.819487,0,14.218474,26.382580,9.138352
0.363000,1.084270,5.833699,0,14.204645,26.360992,9.141266
0.364000,1.090111,5.847896,0,14.190830,26.339425,9.144178
0.365000,1.095966,5.862080,0,14.177029,26.317879,9.147086
0.366000,1.101835,5.876250,0,14.163241,26.296354,9.149992
0.367000,1.107719,5.890407,0,14.149466,26.274850,9.152895
0.368000,1.113616,5.904549,0,14.135705,26.253367,9.155795
0.369000,1.119528,5.918678,0,14.121957,26.231905,9.158693
0.370000,1.125454,5.932793,0,14.108223,26.210463,9.161587
0.371000,1.131393,5.946895,0,14.094501,26.189043,9.164479
0.372000,1.137347,5.960982,0,14.080794,26.167643,9.167368
0.373000,1.143315,5.975056,0,14.067099,26.146264,9.170254
0.374000,1.149297,5.989116,0,14.053418,26.124906,9.173138
0.375000,1.155294,6.003163,0,14.039750,26.103569,9.176018
0.376000,1.161304,6.017196,0,14.026096,26.082252,9.178896
0.377000,1.167328,6.031215,0,14.012454,26.060957,9.181771
0.378000,1.173366,6.045221,0,13.998826,26.039681,9.184643
0.379000,1.179418,6.059213,0,13.985212,26.018427,9.187512
0.380000,1.185485,6.073191,0,13.971610,25.997193,9.190379
0.381000,1.191565,6.087156,0,13.958022,25.975980,9.193243
0.382000,1.197659,6.101107,0,13.944447,25.954788,9.196104
0.383000,1.203767,6.115045,0,13.930885,25.933616,9.198962
0.384000,1.209889,6.128969,0,13.917336,25.912465,9.201817
0.385000,1.216025,6.142880,0,13.903801,25.891334,9.204670
0.386000,1.222175,6.156777,0,13.890279,25.870224,9.207520
0.387000,1.228338,6.170660,0,13.876769,25.849134,9.210367
0.388000,1.234516,6.184530,0,13.863273,25.828065,9.213211
0.389000,1.240708,6.198387,0,13.849791,25.807017,9.216053
0.390000,1.246913,6.212230,0,13.836321,25.785988,9.218892
0.391000,1.253132,6.226059,0,13.822864,25.764981,9.221728
0.392000,1.259365,6.239875,0,13.809420,25.743994,9.224561
0.393000,1.265612,6.253678,0,13.795990,25.723027,9.227391
0.394000,1.271872,6.267467,0,13.782572,25.702080,9.230219
0.395000,1.278147,6.281243,0,13.769168,25.681154,9.233044
0.396000,1.284435,6.295006,0,13.755777,25.660248,9.235866
0.397000,1.290737,6.308755,0,13.742398,25.639363,9.238686
0.398000,1.297052,6.322491,0,13.729033,25.618498,9.241503
0.399000,1.303382,6.336213,0,13.715681,25.597653,9.244317
0.400000,1.309725,6.349922,0,13.702341,25.576829,9.247128
0.401000,1.316081,6.363618,0,13.689015,25.556024,9.249937
0.402000,1.322452,6.377300,0,13.675701,25.535240,9.252743
0.403000,1.328836,6.390969,0,13.662401,25.514477,9.255546
0.404000,1.335234,6.404625,0,13.649113,25.493733,9.258346
0.405000,1.341645,6.418267,0,13.635839,25.473010,9.261144
0.406000,1.348070,6.431896,0,13.622577,25.452306,9.263939
0.407000,1.354509,6.445512,0,13.609328,25.431623,9.266731
0.408000,1.360961,6.459115,0,13.596092,25.410960,9.269520
0.409000,1.367427,6.472705,0,13.582869,25.390317,9.272307
0.410000,1.373907,6.486281,0,13.569659,25.369694,9.275091
0.411000,1.380400,6.499844,0,13.556462,25.349091,9.277873
0.412000,1.386906,6.513394,0,13.543277,25.328509,9.280651
0.413000,1.393427,6.526930,0,13.530106,25.307946,9.283427
0.414000,1.399960,6.540454,0,13.516947,25.287403,9.286201
0.415000,1.406508,6.553964,0,13.503801,25.266880,9.288971
0.416000,1.413068,6.567462,0,13.490667,25.246378,9.291739
0.417000,1.419642,6.580946,0,13.477547,25.225895,9.294504
0.418000,1.426230,6.594417,0,13.464439,25.205432,9.297267
0.419000,1.432831,6.607875,0,13.451344,25.184989,9.300027
0.420000,1.439446,6.621319,0,13.438262,25.164566,9.302784
0.421000,1.446074,6.634751,0,13.425192,25.144162,9.305538
0.422000,1.452715,6.648170,0,13.412135,25.123779,9.308290
0.423000,1.459370,6.661575,0,13.399091,25.103415,9.311039
0.424000,1.466039,6.674968,0,13.386060,25.083071,9.313785
0.425000,1.472720,6.688347,0,13.373041,25.062747,9.316529
0.426000,1.479415,6.701714,0,13.360035,25.042443,9.319270
0.427000,1.486124,6.715068,0,13.347041,25.022158,9.322009
0.428000,1.492845,6.728408,0,13.334061,25.001894,9.324744
0.429000,1.499580,6.741736,0,13.321092,24.981649,9.327477
0.430000,1.506329,6.755050,0,13.308137,24.961423,9.330208
0.431000,1.513091,6.768352,0,13.295194,24.941217,9.332936
0.432000,1.519866,6.781641,0,13.282263,24.921031,9.335661
0.433000,1.526654,6.794916,0,13.269346,24.900865,9.338383
0.434000,1.533455,6.808179,0,13.256440,24.880718,9.341103
0.435000,1.540270,6.821429,0,13.243548,24.860591,9.343820
0.436000,1.547098,6.834666,0,13.230667,24.840483,9.346535
0.437000,1.553939,6.847891,0,13.217800,24.820395,9.349247
0.438000,1.560794,6.861102,0,13.204945,24.800326,9.351956
0.439000,1.567662,6.874301,0,13.192102,24.780277,9.354663
0.440000,1.574543,6.887486,0,13.179272,24.760248,9.357367
0.441000,1.581437,6.900659,0,13.166454,24.740238,9.360068
0.442000,1.588344,6.913819,0,13.153649,24.720247,9.362767
0.443000,1.595264,6.926966,0,13.140856,24.700276,9.365463
0.444000,1.602198,6.940101,0,13.128076,24.680324,9.368156
0.445000,1.609144,6.953223,0,13.115308,24.660392,9.370847
0.446000,1.616104,6.966331,0,13.102553,24.640479,9.373535
0.447000,1.623077,6.979428,0,13.089810,24.620585,9.376221
0.448000,1.630063,6.992511,0,13.077079,24.600711,9.378904
0.449000,1.637062,7.005582,0,13.064361,24.580856,9.381584
0.450000,1.644074,7.018640,0,13.051655,24.561020,9.384262
0.451000,1.651099,7.031685,0,13.038961,24.541204,9.386937
0.452000,1.658138,7.044718,0,13.026280,24.521407,9.389610
0.453000,1.665189,7.057738,0,13.013611,24.501629,9.392280
0.454000,1.672253,7.070745,0,13.000955,24.481871,9.394947
0.455000,1.679330,7.083740,0,12.988310,24.462131,9.397612
0.456000,1.686421,7.096722,0,12.975678,24.442411,9.400274
0.457000,1.693524,7.109691,0,12.963059,24.422710,9.402934
0.458000,1.700640,7.122648,0,12.950451,24.403028,9.405591
0.459000,1.707769,7.135592,0,12.937856,24.383366,9.408246
0.460000,1.714911,7.148523,0,12.925273,24.363722,9.410897
0.461000,1.722066,7.161442,0,12.912703,24.344098,9.413547
0.462000,1.729234,7.174349,0,12.900144,24.324492,9.416194
0.463000,1.736415,7.187243,0,12.887598,24.304906,9.418838
0.464000,1.743608,7.200124,0,12.875064,24.285339,9.421479
0.465000,1.750815,7.212993,0,12.862542,24.265791,9.424118
0.466000,1.758034,7.225849,0,12.850033,24.246262,9.426755
0.467000,1.765267,7.238693,0,12.837535,24.226751,9.429389
0.468000,1.772512,7.251524,0,12.825050,24.207260,9.432020
0.469000,1.779770,7.264343,0,12.812577,24.187788,9.434649
0.470000,1.787041,7.277149,0,12.800116,24.168335,9.437275
0.471000,1.794324,7.289943,0,12.787667,24.148900,9.439898
0.472000,1.801620,7.302725,0,12.775230,24.129485,9.442520
0.473000,1.808929,7.315494,0,12.762805,24.110088,9.445138
0.474000,1.816251,7.328250,0,12.750393,24.090710,9.447754
0.475000,1.823586,7.340994,0,12.737992,24.071351,9.450368
0.476000,1.830933,7.353726,0,12.725604,24.052011,9.452978
0.477000,1.838293,7.366446,0,12.713227,24.032690,9.455587
0.478000,1.845666,7.379153,0,12.700863,24.013387,9.458193
0.479000,1.853052,7.391847,0,12.688510,23.994104,9.460796
0.480000,1.860450,7.404530,0,12.676170,23.974839,9.463397
0.481000,1.867861,7.417200,0,12.663842,23.955593,9.465995
0.482000,1.875284,7.429857,0,12.651525,23.936365,9.468591
0.483000,1.882720,7.442503,0,12.639221,23.917156,9.471184
0.484000,1.890169,7.455136,0,12.626928,23.897966,9.473775
0.485000,1.897631,7.467757,0,12.614648,23.878795,9.476363
0.486000,1.905105,7.480365,0,12.602379,23.859642,9.478948
0.487000,1.912591,7.492961,0,12.590123,23.840508,9.481531
0.488000,1.920091,7.505545,0,12.577878,23.821392,9.484112
0.489000,1.927603,7.518117,0,12.565645,23.802295,9.486690
0.490000,1.935127,7.530677,0,12.553424,23.783217,9.489266
0.491000,1.942664,7.543224,0,12.541215,23.764157,9.491839
0.492000,1.950213,7.555759,0,12.529018,23.745116,9.494409
0.493000,1.957775,7.568282,0,12.516833,23.726093,9.496977
0.494000,1.965350,7.580793,0,12.504660,23.707088,9.499543
0.495000,1.972937,7.593291,0,12.492498,23.688103,9.502106
0.496000,1.980537,7.605778,0,12.480348,23.669135,9.504667
0.497000,1.988149,7.618252,0,12.468210,23.650186,9.507225
0.498000,1.995773,7.630714,0,12.456084,23.631256,9.509780
0.499000,2.003410,7.643164,0,12.443970,23.612344,9.512334
0.500000,2.011059,7.655602,0,12.431868,23.593450,9.514884
0.501000,2.018721,7.668028,0,12.419777,23.574575,9.517432
0.502000,2.026395,7.680442,0,12.407698,23.555718,9.519978
0.503000,2.034082,7.692843,0,12.395630,23.536879,9.522521
0.504000,2.041781,7.705233,0,12.383575,23.518059,9.525062
0.505000,2.049493,7.717611,0,12.371531,23.499257,9.527600
0.506000,2.057216,7.729976,0,12.359499,23.480473,9.530136
0.507000,2.064952,7.742329,0,12.347479,23.461708,9.532669
0.508000,2.072701,7.754671,0,12.335470,23.442961,9.535200
0.509000,2.080462,7.767000,0,12.323473,23.424232,9.537729
0.510000,2.088235,7.779318,0,12.311488,23.405521,9.540255
0.511000,2.096020,7.791623,0,12.299514,23.386829,9.542778
0.512000,2.103818,7.803917,0,12.287552,23.368154,9.545299
0.513000,2.111628,7.816199,0,12.275601,23.349498,9.547818
0.514000,2.119451,7.828468,0,12.263663,23.330860,9.550334
0.515000,2.127285,7.840726,0,12.251735,23.312240,9.552848
0.516000,2.135132,7.852972,0,12.239820,23.293638,9.555359
0.517000,2.142991,7.865205,0,12.227916,23.275055,9.557868
0.518000,2.150862,7.877427,0,12.216024,23.256489,9.560374
0.519000,2.158746,7.889638,0,12.204143,23.237941,9.562878
0.520000,2.166642,7.901836,0,12.192273,23.219412,9.565379
0.521000,2.174550,7.914022,0,12.180416,23.200900,9.567878
0.522000,2.182470,7.926197,0,12.168569,23.182407,9.570375
0.523000,2.190402,7.938359,0,12.156735,23.163931,9.572869
0.524000,2.198346,7.950510,0,12.144912,23.145474,9.575361
0.525000,2.206303,7.962649,0,12.133100,23.127034,9.577850
0.526000,2.214272,7.974776,0,12.121300,23.108612,9.580337
0.527000,2.222253,7.986892,0,12.109511,23.090209,9.582822
0.528000,2.230246,7.998995,0,12.097734,23.071823,9.585304
0.529000,2.238251,8.011087,0,12.085968,23.053455,9.587784
0.530000,2.246268,8.023167,0,12.074213,23.035105,9.590261
0.531000,2.254297,8.035236,0,12.062471,23.016772,9.592736
0.532000,2.262338,8.047292,0,12.050739,22.998458,9.595208
0.533000,2.270391,8.059337,0,12.039019,22.980161,9.597678
0.534000,2.278457,8.071370,0,12.027310,22.961883,9.600146
0.535000,2.286534,8.083392,0,12.015613,22.943621,9.602611
0.536000,2.294624,8.095401,0,12.003927,22.925378,9.605074
0.537000,2.302725,8.107399,0,11.992252,22.907153,9.607534
0.538000,2.310838,8.119386,0,11.980589,22.888945,9.609992
0.539000,2.318964,8.131361,0,11.968937,22.870755,9.612448
0.540000,2.327101,8.143324,0,11.957297,22.852582,9.614901
0.541000,2.335250,8.155275,0,11.945668,22.834427,9.617352
0.542000,2.343412,8.167215,0,11.934050,22.816290,9.619801
0.543000,2.351585,8.179143,0,11.922443,22.798171,9.622247
0.544000,2.359770,8.191060,0,11.910848,22.780069,9.624691
0.545000,2.367967,8.202965,0,11.899264,22.761985,9.627132
0.546000,2.376176,8.214859,0,11.887691,22.743918,9.629571
0.547000,2.384397,8.226740,0,11.876129,22.725869,9.632008
0.548000,2.392629,8.238611,0,11.864579,22.707838,9.634442
0.549000,2.400874,8.250470,0,11.853040,22.689824,9.636874
0.550000,2.409130,8.262317,0,11.841512,22.671827,9.639303
0.551000,2.417399,8.274153,0,11.829996,22.653848,9.641730
0.552000,2.425679,8.285977,0,11.818490,22.635887,9.644155
0.553000,2.433970,8.297790,0,11.806996,22.617943,9.646578
0.554000,2.442274,8.309591,0,11.795513,22.600016,9.648998
0.555000,2.450590,8.321381,0,11.784041,22.582107,9.651416
0.556000,2.458917,8.333159,0,11.772580,22.564215,9.653831
0.557000,2.467256,8.344926,0,11.761131,22.546341,9.656244
0.558000,2.475607,8.356681,0,11.749692,22.528484,9.658655
0.559000,2.483969,8.368425,0,11.738265,22.510645,9.661063
0.560000,2.492344,8.380158,0,11.726849,22.492822,9.663469
0.561000,2.500730,8.391879,0,11.715444,22.475017,9.665873
0.562000,2.509127,8.403589,0,11.704050,22.457230,9.668274
0.563000,2.517537,8.415287,0,11.692667,22.439460,9.670673
0.564000,2.525958,8.426974,0,11.681295,22.421707,9.673070
0.565000,2.534391,8.438650,0,11.669934,22.403971,9.675464
0.566000,2.542835,8.450314,0,11.658584,22.386253,9.677856
0.567000,2.551291,8.461967,0,11.647246,22.368551,9.680246
0.568000,2.559759,8.473608,0,11.635918,22.350867,9.682633
0.569000,2.568239,8.485239,0,11.624601,22.333200,9.685018
0.570000,2.576730,8.496858,0,11.613296,22.315551,9.687401
0.571000,2.585232,8.508465,0,11.602001,22.297918,9.689781
0.572000,2.593747,8.520062,0,11.590717,22.280303,9.692159
0.573000,2.602272,8.531647,0,11.579445,22.262705,9.694535
0.574000,2.610810,8.543220,0,11.568183,22.245124,9.696908
0.575000,2.619359,8.554783,0,11.556932,22.227560,9.699279
0.576000,2.627919,8.566334,0,11.545692,22.210013,9.701648
0.577000,2.636491,8.577874,0,11.534464,22.192483,9.704015
0.578000,2.645075,8.589403,0,11.523246,22.174970,9.706379
0.579000,2.653670,8.600921,0,11.512038,22.157475,9.708741
0.580000,2.662277,8.612427,0,11.500842,22.139996,9.711101
0.581000,2.670895,8.623923,0,11.489657,22.122534,9.713458
0.582000,2.679525,8.635407,0,11.478483,22.105089,9.715813
0.583000,2.688166,8.646879,0,11.467319,22.087662,9.718166
0.584000,2.696819,8.658341,0,11.456166,22.070251,9.720516
0.585000,2.705483,8.669792,0,11.445025,22.052857,9.722864
0.586000,2.714158,8.681231,0,11.433894,22.035480,9.725210
0.587000,2.722845,8.692660,0,11.422773,22.018120,9.727554
0.588000,2.731543,8.704077,0,11.411664,22.000777,9.729895
0.589000,2.740253,8.715483,0,11.400565,21.983450,9.732234
0.590000,2.748974,8.726878,0,11.389478,21.966141,9.734571
0.591000,2.757707,8.738262,0,11.378401,21.948848,9.736905
0.592000,2.766451,8.749635,0,11.367334,21.931573,9.739238
0.593000,2.775206,8.760997,0,11.356279,21.914313,9.741568
0.594000,2.783973,8.772347,0,11.345234,21.897071,9.743895
0.595000,2.792751,8.783687,0,11.334200,21.879846,9.746221
0.596000,2.801540,8.795016,0,11.323177,21.862637,9.748544
0.597000,2.810341,8.806333,0,11.312165,21.845445,9.750865
0.598000,2.819153,8.817640,0,11.301163,21.828270,9.753184
0.599000,2.827976,8.828936,0,11.290172,21.811111,9.755500
0.600000,2.836811,8.840220,0,11.279191,21.793969,9.757814
0.601000,2.845657,8.851494,0,11.268222,21.776844,9.760126
0.602000,2.854514,8.862757,0,11.257263,21.759736,9.762436
0.603000,2.863382,8.874009,0,11.246314,21.742644,9.764743
0.604000,2.872262,8.885249,0,11.235376,21.725569,9.767048
0.605000,2.881153,8.896479,0,11.224449,21.708510,9.769351
0.606000,2.890055,8.907698,0,11.213533,21.691468,9.771652
0.607000,2.898968,8.918906,0,11.202627,21.674442,9.773950
0.608000,2.907893,8.930104,0,11.191732,21.657433,9.776246
0.609000,2.916828,8.941290,0,11.180847,21.640441,9.778540
0.610000,2.925775,8.952465,0,11.169973,21.623465,9.780832
0.611000,2.934733,8.963630,0,11.159110,21.606506,9.783122
0.612000,2.943702,8.974784,0,11.148257,21.589563,9.785409
0.613000,2.952683,8.985926,0,11.137414,21.572636,9.787694
0.614000,2.961674,8.997058,0,11.126582,21.555727,9.789977
0.615000,2.970677,9.008180,0,11.115761,21.538833,9.792258
0.616000,2.979691,9.019290,0,11.104950,21.521956,9.794536
0.617000,2.988715,9.030389,0,11.094150,21.505095,9.796812
0.618000,2.997751,9.041478,0,11.083360,21.488251,9.799086
0.619000,3.006798,9.052556,0,11.072581,21.471423,9.801358
0.620000,3.015856,9.063623,0,11.061812,21.454612,9.803627
0.621000,3.024926,9.074680,0,11.051054,21.437817,9.805895
0.622000,3.034006,9.085725,0,11.040306,21.421038,9.808160
0.623000,3.043097,9.096760,0,11.029569,21.404275,9.810423
0.624000,3.052199,9.107785,0,11.018842,21.387529,9.812684
0.625000,3.061313,9.118798,0,11.008125,21.370799,9.814942
0.626000,3.070437,9.129801,0,10.997419,21.354086,9.817198
0.627000,3.079572,9.140793,0,10.986724,21.337388,9.819453
0.628000,3.088719,9.151774,0,10.976038,21.320707,9.821705
0.629000,3.097876,9.162745,0,10.965363,21.304042,9.823954
0.630000,3.107044,9.173705,0,10.954699,21.287393,9.826202
0.631000,3.116223,9.184654,0,10.944045,21.270761,9.828447
0.632000,3.125413,9.195593,0,10.933401,21.254145,9.830690
0.633000,3.134614,9.206521,0,10.922768,21.237544,9.832931
0.634000,3.143826,9.217439,0,10.912144,21.220960,9.835170
0.635000,3.153049,9.228345,0,10.901532,21.204393,9.837407
0.636000,3.162283,9.239242,0,10.890929,21.187841,9.839642
0.637000,3.171528,9.250127,0,10.880337,21.171305,9.841874
0.638000,3.180783,9.261002,0,10.869755,21.154785,9.844104
0.639000,3.190050,9.271867,0,10.859184,21.138282,9.846332
0.640000,3.199327,9.282721,0,10.848623,21.121794,9.848558
0.641000,3.208615,9.293564,0,10.838072,21.105323,9.850781
0.642000,3.217914,9.304397,0,10.827531,21.088867,9.853003
0.643000,3.227224,9.315219,0,10.817001,21.072428,9.855222
0.644000,3.236545,9.326031,0,10.806480,21.056005,9.857439
0.645000,3.245876,9.336832,0,10.795970,21.039597,9.859654
0.646000,3.255218,9.347623,0,10.785471,21.023206,9.861867
0.647000,3.264571,9.358403,0,10.774981,21.006830,9.864078
0.648000,3.273935,9.369173,0,10.764502,20.990470,9.866286
0.649000,3.283310,9.379932,0,10.754033,20.974127,9.868493
0.650000,3.292695,9.390681,0,10.743574,20.957799,9.870697
0.651000,3.302091,9.401419,0,10.733125,20.941487,9.872899
0.652000,3.311498,9.412147,0,10.722686,20.925191,9.875099
0.653000,3.320915,9.422865,0,10.712258,20.908911,9.877297
0.654000,3.330343,9.433572,0,10.701839,20.892646,9.879493
0.655000,3.339782,9.444268,0,10.691431,20.876397,9.881686
0.656000,3.349232,9.454954,0,10.681033,20.860165,9.883878
0.657000,3.358692,9.465630,0,10.670645,20.843948,9.886067
0.658000,3.368163,9.476296,0,10.660267,20.827746,9.888254
0.659000,3.377645,9.486951,0,10.649899,20.811561,9.890439
0.660000,3.387137,9.497596,0,10.639542,20.795391,9.892622
0.661000,3.396640,9.508230,0,10.629194,20.779237,9.894803
0.662000,3.406154,9.518854,0,10.618857,20.763099,9.896982
0.663000,3.415678,9.529468,0,10.608529,20.746976,9.899158
0.664000,3.425212,9.540071,0,10.598212,20.730869,9.901333
0.665000,3.434758,9.550664,0,10.587904,20.714778,9.903505
0.666000,3.444314,9.561247,0,10.577607,20.698703,9.905675
0.667000,3.453880,9.571819,0,10.567319,20.682643,9.907843
0.668000,3.463457,9.582381,0,10.557042,20.666598,9.910009
0.669000,3.473045,9.592933,0,10.546775,20.650569,9.912173
0.670000,3.482643,9.603475,0,10.536517,20.634556,9.914335
0.671000,3.492252,9.614006,0,10.526270,20.618559,9.916495
0.672000,3.501871,9.624528,0,10.516032,20.602577,9.918652
0.673000,3.511501,9.635038,0,10.505805,20.586610,9.920808
0.674000,3.521141,9.645539,0,10.495587,20.570659,9.922961
0.675000,3.530792,9.656030,0,10.485380,20.554724,9.925112
0.676000,3.540453,9.666510,0,10.475182,20.538804,9.927261
0.677000,3.550125,9.676980,0,10.464994,20.522899,9.929409
0.678000,3.559807,9.687440,0,10.454816,20.507010,9.931554
0.679000,3.569500,9.697890,0,10.444648,20.491137,9.933697
0.680000,3.579203,9.708329,0,10.434490,20.475279,9.935837
0.681000,3.588917,9.718759,0,10.424342,20.459436,9.937976
0.682000,3.598641,9.729178,0,10.414204,20.443609,9.940113
0.683000,3.608375,9.739587,0,10.404075,20.427797,9.942247
0.684000,3.618120,9.749986,0,10.393957,20.412000,9.944380
0.685000,3.627875,9.760375,0,10.383848,20.396219,9.946510
0.686000,3.637641,9.770754,0,10.373749,20.380453,9.948639
0.687000,3.647417,9.781122,0,10.363660,20.364703,9.950765
0.688000,3.657203,9.791481,0,10.353581,20.348968,9.952889
0.689000,3.666999,9.801830,0,10.343511,20.333248,9.955012
0.690000,3.676806,9.812168,0,10.333451,20.317543,9.957132
0.691000,3.686624,9.822496,0,10.323401,20.301854,9.959250
0.692000,3.696451,9.832815,0,10.313361,20.286180,9.961366
0.693000,3.706289,9.843123,0,10.303331,20.270521,9.963480
0.694000,3.716138,9.853422,0,10.293310,20.254878,9.965591
0.695000,3.725996,9.863710,0,10.283299,20.239250,9.967701
0.696000,3.735865,9.873988,0,10.273298,20.223636,9.969809
0.697000,3.745744,9.884256,0,10.263307,20.208038,9.971915
0.698000,3.755634,9.894515,0,10.253325,20.192456,9.974018
0.699000,3.765533,9.904763,0,10.243353,20.176888,9.976120
0.700000,3.775443,9.915001,0,10.233391,20.161336,9.978220
0.701000,3.785363,9.925230,0,10.223438,20.145798,9.980317
0.702000,3.795294,9.935448,0,10.213495,20.130276,9.982413
0.703000,3.805234,9.945657,0,10.203562,20.114769,9.984506
0.704000,3.815185,9.955855,0,10.193638,20.099277,9.986598
0.705000,3.825146,9.966044,0,10.183724,20.083800,9.988687
0.706000,3.835117,9.976223,0,10.173820,20.068338,9.990774
0.707000,3.845098,9.986392,0,10.163925,20.052891,9.992860
0.708000,3.855090,9.996551,0,10.154040,20.037459,9.994943
0.709000,3.865091,10.006700,0,10.144165,20.022042,9.997024
0.710000,3.875103,10.016839,0,10.134299,20.006640,9.999104
0.711000,3.885125,10.026968,0,10.124443,19.991253,10.001181
0.712000,3.895157,10.037088,0,10.114596,19.975882,10.003256
0.713000,3.905199,10.047198,0,10.104759,19.960525,10.005329
0.714000,3.915252,10.057297,0,10.094932,19.945182,10.007400
0.715000,3.925314,10.067388,0,10.085114,19.929855,10.009470
0.716000,3.935386,10.077468,0,10.075305,19.914543,10.011537
0.717000,3.945469,10.087538,0,10.065506,19.899246,10.013602
0.718000,3.955561,10.097599,0,10.055717,19.883963,10.015665
0.719000,3.965664,10.107650,0,10.045937,19.868696,10.017726
0.720000,3.975777,10.117691,0,10.036167,19.853443,10.019785
0.721000,3.985899,10.127722,0,10.026406,19.838205,10.021842
0.722000,3.996032,10.137743,0,10.016655,19.822982,10.023897
0.723000,4.006175,10.147755,0,10.006913,19.807774,10.025951
0.724000,4.016328,10.157757,0,9.997181,19.792580,10.028002
0.725000,4.026490,10.167750,0,9.987458,19.777402,10.030051
0.726000,4.036663,10.177732,0,9.977744,19.762238,10.032098
0.727000,4.046846,10.187705,0,9.968040,19.747088,10.034143
0.728000,4.057038,10.197668,0,9.958346,19.731954,10.036186
0.729000,4.067241,10.207622,0,9.948661,19.716834,10.038227
0.730000,4.077454,10.217566,0,9.938985,19.701729,10.040267
0.731000,4.087676,10.227500,0,9.929319,19.686639,10.042304
0.732000,4.097909,10.237424,0,9.919662,19.671563,10.044339
0.733000,4.108151,10.247339,0,9.910014,19.656502,10.046372
0.734000,4.118403,10.257244,0,9.900376,19.641456,10.048403
0.735000,4.128666,10.267140,0,9.890748,19.626424,10.050433
0.736000,4.138938,10.277026,0,9.881128,19.611407,10.052460
0.737000,4.149220,10.286902,0,9.871518,19.596404,10.054485
0.738000,4.159511,10.296769,0,9.861917,19.581416,10.056509
0.739000,4.169813,10.306626,0,9.852326,19.566443,10.058530
0.740000,4.180125,10.316473,0,9.842744,19.551484,10.060550
0.741000,4.190446,10.326311,0,9.833171,19.536540,10.062567
0.742000,4.200777,10.336140,0,9.823608,19.521610,10.064583
0.743000,4.211118,10.345959,0,9.814054,19.506695,10.066596
0.744000,4.221469,10.355768,0,9.804509,19.491794,10.068608
0.745000,4.231830,10.365568,0,9.794974,19.476908,10.070617
0.746000,4.242200,10.375358,0,9.785448,19.462037,10.072625
0.747000,4.252581,10.385138,0,9.775931,19.447179,10.074631
0.748000,4.262971,10.394910,0,9.766423,19.432337,10.076635
0.749000,4.273370,10.404671,0,9.756924,19.417508,10.078636
0.750000,4.283780,10.414424,0,9.747435,19.402694,10.080636
0.751000,4.294199,10.424166,0,9.737955,19.387895,10.082634
0.752000,4.304628,10.433899,0,9.728484,19.373110,10.084630
0.753000,4.315067,10.443623,0,9.719023,19.358339,10.086624
0.754000,4.325516,10.453337,0,9.709571,19.343582,10.088616
0.755000,4.335974,10.463042,0,9.700127,19.328840,10.090607
0.756000,4.346442,10.472738,0,9.690693,19.314113,10.092595
0.757000,4.356919,10.482424,0,9.681269,19.299399,10.094581
0.758000,4.367406,10.492100,0,9.671853,19.284700,10.096565
0.759000,4.377903,10.501767,0,9.662446,19.270016,10.098548
0.760000,4.388410,10.511425,0,9.653049,19.255345,10.100528
0.761000,4.398926,10.521074,0,9.643661,19.240689,10.102507
0.762000,4.409452,10.530712,0,9.634282,19.226047,10.104484
0.763000,4.419988,10.540342,0,9.624912,19.211419,10.106458
0.764000,4.430533,10.549962,0,9.615551,19.196806,10.108431
0.765000,4.441088,10.559573,0,9.606199,19.182206,10.110402
0.766000,4.451652,10.569175,0,9.596857,19.167621,10.112371
0.767000,4.462226,10.578767,0,9.587523,19.153050,10.114338
0.768000,4.472810,10.588350,0,9.578199,19.138494,10.116303
0.769000,4.483403,10.597923,0,9.568883,19.123951,10.118267
0.770000,4.494005,10.607488,0,9.559577,19.109423,10.120228
0.771000,4.504618,10.617042,0,9.550280,19.094908,10.122187
0.772000,4.515239,10.626588,0,9.540991,19.080408,10.124145
0.773000,4.525871,10.636124,0,9.531712,19.065922,10.126101
0.774000,4.536512,10.645651,0,9.522442,19.051450,10.128054
0.775000,4.547162,10.655169,0,9.513181,19.036992,10.130006
0.776000,4.557822,10.664678,0,9.503929,19.022548,10.131956
0.777000,4.568491,10.674177,0,9.494686,19.008118,10.133904
0.778000,4.579170,10.683667,0,9.485451,18.993703,10.135850
0.779000,4.589859,10.693148,0,9.476226,18.979301,10.137794
0.780000,4.600557,10.702620,0,9.467010,18.964913,10.139737
0.781000,4.611264,10.712082,0,9.457803,18.950539,10.141677
0.782000,4.621981,10.721535,0,9.448604,18.936180,10.143616
0.783000,4.632707,10.730979,0,9.439415,18.921834,10.145552
0.784000,4.643443,10.740414,0,9.430235,18.907502,10.147487
0.785000,4.654188,10.749840,0,9.421063,18.893184,10.149420
0.786000,4.664942,10.759256,0,9.411901,18.878880,10.151351
0.787000,4.675706,10.768664,0,9.402747,18.864590,10.153280
0.788000,4.686480,10.778062,0,9.393602,18.850314,10.155208
0.789000,4.697263,10.787451,0,9.384466,18.836052,10.157133
0.790000,4.708055,10.796831,0,9.375339,18.821803,10.159057
0.791000,4.718856,10.806201,0,9.366221,18.807569,10.160978
0.792000,4.729667,10.815563,0,9.357112,18.793348,10.162898
0.793000,4.740487,10.824916,0,9.348012,18.779141,10.164816
0.794000,4.751317,10.834259,0,9.338920,18.764948,10.166732
0.795000,4.762156,10.843594,0,9.329837,18.750769,10.168646
0.796000,4.773004,10.852919,0,9.320764,18.736603,10.170559
0.797000,4.783862,10.862235,0,9.311698,18.722451,10.172469
0.798000,4.794729,10.871542,0,9.302642,18.708313,10.174378
0.799000,4.805605,10.880840,0,9.293595,18.694189,10.176284
0.800000,4.816490,10.890129,0,9.284556,18.680079,10.178189
0.801000,4.827385,10.899409,0,9.275526,18.665982,10.180092
0.802000,4.838289,10.908680,0,9.266505,18.651899,10.181994
0.803000,4.849202,10.917942,0,9.257493,18.637830,10.183893
0.804000,4.860125,10.927195,0,9.248490,18.623774,10.185791
0.805000,4.871057,10.936439,0,9.239495,18.609732,10.187686
0.806000,4.881998,10.945674,0,9.230509,18.595704,10.189580
0.807000,4.892948,10.954900,0,9.221532,18.581689,10.191472
0.808000,4.903908,10.964117,0,9.212563,18.567688,10.193362
0.809000,4.914876,10.973326,0,9.203603,18.553701,10.195250
0.810000,4.925854,10.982525,0,9.194652,18.539727,10.197137
0.811000,4.936841,10.991715,0,9.185710,18.525766,10.199022
0.812000,4.947838,11.000896,0,9.176776,18.511820,10.200904
0.813000,4.958843,11.010068,0,9.167851,18.497887,10.202785
0.814000,4.969858,11.019232,0,9.158935,18.483967,10.204664
0.815000,4.980882,11.028386,0,9.150027,18.470061,10.206542
0.816000,4.991915,11.037532,0,9.141128,18.456169,10.208417
0.817000,5.002957,11.046669,0,9.132238,18.442290,10.210291
0.818000,5.014008,11.055796,0,9.123356,18.428424,10.212163
0.819000,5.025068,11.064915,0,9.114483,18.414572,10.214033
0.820000,5.036138,11.074025,0,9.105619,18.400734,10.215901
0.821000,5.047216,11.083127,0,9.096763,18.386909,10.217767
0.822000,5.058304,11.092219,0,9.087916,18.373097,10.219632
0.823000,5.069401,11.101302,0,9.079077,18.359299,10.221495
0.824000,5.080507,11.110377,0,9.070247,18.345514,10.223356
0.825000,5.091621,11.119443,0,9.061426,18.331743,10.225215
0.826000,5.102745,11.128500,0,9.052613,18.317985,10.227072
0.827000,5.113878,11.137548,0,9.043809,18.304240,10.228928
0.828000,5.125021,11.146587,0,9.035013,18.290509,10.230781
0.829000,5.136172,11.155618,0,9.026226,18.276791,10.232633
0.830000,5.147332,11.164640,0,9.017448,18.263087,10.234483
0.831000,5.158501,11.173653,0,9.008678,18.249395,10.236332
0.832000,5.169679,11.182657,0,8.999916,18.235718,10.238178
0.833000,5.180866,11.191653,0,8.991163,18.222053,10.240023
0.834000,5.192062,11.200640,0,8.982419,18.208402,10.241866
0.835000,5.203267,11.209618,0,8.973683,18.194764,10.243707
0.836000,5.214482,11.218587,0,8.964955,18.181139,10.245546
0.837000,5.225705,11.227548,0,8.956236,18.167528,10.247384
0.838000,5.236937,11.236499,0,8.947526,18.153929,10.249220
0.839000,5.248178,11.245443,0,8.938824,18.140344,10.251054
0.840000,5.259428,11.254377,0,8.930130,18.126772,10.252886
0.841000,5.270686,11.263303,0,8.921445,18.113214,10.254716
0.842000,5.281954,11.272220,0,8.912768,18.099668,10.256545
0.843000,5.293231,11.281128,0,8.904100,18.086136,10.258372
0.844000,5.304516,11.290028,0,8.895440,18.072617,10.260197
0.845000,5.315811,11.298919,0,8.886789,18.059111,10.262020
0.846000,5.327114,11.307802,0,8.878146,18.045618,10.263842
0.847000,5.338426,11.316676,0,8.869512,18.032139,10.265661
0.848000,5.349748,11.325541,0,8.860885,18.018672,10.267479
0.849000,5.361078,11.334397,0,8.852268,18.005219,10.269295
0.850000,5.372416,11.343245,0,8.843658,17.991778,10.271110
0.851000,5.383764,11.352085,0,8.835057,17.978351,10.272923
0.852000,5.395121,11.360915,0,8.826465,17.964937,10.274734
0.853000,5.406486,11.369738,0,8.817880,17.951535,10.276543
0.854000,5.417860,11.378551,0,8.809304,17.938147,10.278350
0.855000,5.429243,11.387356,0,8.800737,17.924772,10.280156
0.856000,5.440635,11.396153,0,8.792177,17.911410,10.281960
0.857000,5.452035,11.404941,0,8.783627,17.898061,10.283762
0.858000,5.463445,11.413720,0,8.775084,17.884725,10.285562
0.859000,5.474863,11.422491,0,8.766550,17.871401,10.287361
0.860000,5.486290,11.431253,0,8.758024,17.858091,10.289158
0.861000,5.497725,11.440007,0,8.749506,17.844794,10.290953
0.862000,5.509170,11.448752,0,8.740996,17.831509,10.292746
0.863000,5.520623,11.457489,0,8.732495,17.818238,10.294538
0.864000,5.532085,11.466217,0,8.724002,17.804979,10.296328
0.865000,5.543555,11.474937,0,8.715518,17.791734,10.298116
0.866000,5.555034,11.483648,0,8.707041,17.778501,10.299902
0.867000,5.566522,11.492351,0,8.698573,17.765281,10.301687
0.868000,5.578019,11.501045,0,8.690113,17.752074,10.303470
0.869000,5.589525,11.509731,0,8.681662,17.738880,10.305251
0.870000,5.601039,11.518409,0,8.673218,17.725699,10.307031
0.871000,5.612561,11.527078,0,8.664783,17.712530,10.308808
0.872000,5.624093,11.535738,0,8.656356,17.699374,10.310584
0.873000,5.635633,11.544390,0,8.647937,17.686231,10.312359
0.874000,5.647182,11.553034,0,8.639526,17.673101,10.314131
0.875000,5.658739,11.561669,0,8.631124,17.659984,10.315902
0.876000,5.670305,11.570296,0,8.622730,17.646879,10.317671
0.877000,5.681879,11.578915,0,8.614343,17.633787,10.319439
0.878000,5.693463,11.587525,0,8.605965,17.620708,10.321204
0.879000,5.705055,11.596127,0,8.597596,17.607642,10.322968
0.880000,5.716655,11.604720,0,8.589234,17.594588,10.324731
0.881000,5.728264,11.613305,0,8.580880,17.581547,10.326491
0.882000,5.739882,11.621882,0,8.572535,17.568519,10.328250
0.883000,5.751508,11.630450,0,8.564198,17.555503,10.330007
0.884000,5.763142,11.639010,0,8.555868,17.542500,10.331763
0.885000,5.774786,11.647562,0,8.547547,17.529510,10.333516
0.886000,5.786438,11.656105,0,8.539234,17.516532,10.335268
0.887000,5.798098,11.664640,0,8.530929,17.503567,10.337018
0.888000,5.809767,11.673167,0,8.522632,17.490614,10.338767
0.889000,5.821444,11.681686,0,8.514344,17.477674,10.340514
0.890000,5.833130,11.690196,0,8.506063,17.464747,10.342259
0.891000,5.844825,11.698698,0,8.497790,17.451832,10.344003
0.892000,5.856528,11.707191,0,8.489526,17.438930,10.345744
0.893000,5.868239,11.715677,0,8.481269,17.426040,10.347485
0.894000,5.879959,11.724154,0,8.473020,17.413163,10.349223
0.895000,5.891687,11.732623,0,8.464780,17.400299,10.350960
0.896000,5.903424,11.741084,0,8.456547,17.387447,10.352695
0.897000,5.915169,11.749536,0,8.448323,17.374607,10.354428
0.898000,5.926923,11.757980,0,8.440106,17.361780,10.356160
0.899000,5.938685,11.766416,0,8.431898,17.348965,10.357890
0.900000,5.950456,11.774844,0,8.423697,17.336163,10.359618
0.901000,5.962235,11.783264,0,8.415505,17.323373,10.361345
0.902000,5.974023,11.791675,0,8.407320,17.310596,10.363070
0.903000,5.985818,11.800078,0,8.399143,17.297831,10.364793
0.904000,5.997623,11.808473,0,8.390975,17.285079,10.366514
0.905000,6.009435,11.816860,0,8.382814,17.272339,10.368234
0.906000,6.021256,11.825239,0,8.374661,17.259611,10.369952
0.907000,6.033086,11.833610,0,8.366516,17.246896,10.371669
0.908000,6.044924,11.841972,0,8.358379,17.234193,10.373384
0.909000,6.056770,11.850326,0,8.350250,17.221503,10.375097
0.910000,6.068624,11.858672,0,8.342129,17.208825,10.376809
0.911000,6.080487,11.867011,0,8.334016,17.196159,10.378519
0.912000,6.092358,11.875340,0,8.325910,17.183505,10.380227
0.913000,6.104238,11.883662,0,8.317813,17.170864,10.381933
0.914000,6.116126,11.891976,0,8.309723,17.158235,10.383638
0.915000,6.128022,11.900282,0,8.301642,17.145618,10.385342
0.916000,6.139926,11.908579,0,8.293568,17.133014,10.387043
0.917000,6.151839,11.916869,0,8.285502,17.120422,10.388743
0.918000,6.163760,11.925150,0,8.277444,17.107842,10.390441
0.919000,6.175689,11.933424,0,8.269393,17.095274,10.392138
0.920000,6.187627,11.941689,0,8.261351,17.082719,10.393833
0.921000,6.199573,11.949947,0,8.253316,17.070176,10.395526
0.922000,6.211527,11.958196,0,8.245289,17.057645,10.397218
0.923000,6.223489,11.966437,0,8.237270,17.045126,10.398908
0.924000,6.235460,11.974670,0,8.229259,17.032619,10.400596
0.925000,6.247438,11.982896,0,8.221255,17.020125,10.402283
0.926000,6.259425,11.991113,0,8.213260,17.007642,10.403968
0.927000,6.271421,11.999322,0,8.205272,16.995172,10.405652
0.928000,6.283424,12.007523,0,8.197292,16.982714,10.407334
0.929000,6.295436,12.015717,0,8.189319,16.970268,10.409014
0.930000,6.307455,12.023902,0,8.181355,16.957834,10.410692
0.931000,6.319483,12.032079,0,8.173398,16.945413,10.412369
0.932000,6.331520,12.040249,0,8.165449,16.933003,10.414045
0.933000,6.343564,12.048410,0,8.157507,16.920605,10.415718
0.934000,6.355616,12.056564,0,8.149574,16.908220,10.417390
0.935000,6.367677,12.064709,0,8.141648,16.895846,10.419061
0.936000,6.379746,12.072847,0,8.133729,16.883485,10.420730
0.937000,6.391823,12.080977,0,8.125819,16.871135,10.422397
0.938000,6.403908,12.089099,0,8.117916,16.858798,10.424062
0.939000,6.416001,12.097213,0,8.110021,16.846473,10.425726
0.940000,6.428102,12.105319,0,8.102133,16.834159,10.427389
0.941000,6.440212,12.113417,0,8.094253,16.821858,10.429049
0.942000,6.452329,12.121507,0,8.086381,16.809568,10.430708
0.943000,6.464455,12.129590,0,8.078517,16.797291,10.432366
0.944000,6.476588,12.137664,0,8.070660,16.785025,10.434022
0.945000,6.488730,12.145731,0,8.062811,16.772771,10.435676
0.946000,6.500880,12.153790,0,8.054969,16.760530,10.437328
0.947000,6.513037,12.161841,0,8.047135,16.748300,10.438980
0.948000,6.525203,12.169884,0,8.039309,16.736082,10.440629
0.949000,6.537377,12.177920,0,8.031490,16.723876,10.442277
0.950000,6.549559,12.185947,0,8.023679,16.711682,10.443923
0.951000,6.561749,12.193967,0,8.015875,16.699499,10.445568
0.952000,6.573947,12.201979,0,8.008079,16.687329,10.447211
0.953000,6.586153,12.209983,0,8.000291,16.675170,10.448852
0.954000,6.598367,12.217980,0,7.992510,16.663023,10.450492
0.955000,6.610589,12.225968,0,7.984737,16.650888,10.452130
0.956000,6.622819,12.233949,0,7.976971,16.638765,10.453767
0.957000,6.635057,12.241922,0,7.969213,16.626654,10.455402
0.958000,6.647303,12.249887,0,7.961463,16.614554,10.457035
0.959000,6.659557,12.257845,0,7.953720,16.602466,10.458667
0.960000,6.671819,12.265795,0,7.945984,16.590390,10.460297
0.961000,6.684088,12.273737,0,7.938256,16.578325,10.461926
0.962000,6.696366,12.281671,0,7.930536,16.566273,10.463553
0.963000,6.708652,12.289598,0,7.922823,16.554232,10.465179
0.964000,6.720945,12.297517,0,7.915117,16.542203,10.466803
0.965000,6.733247,12.305428,0,7.907420,16.530185,10.468425
0.966000,6.745556,12.313332,0,7.899729,16.518179,10.470046
0.967000,6.757873,12.321228,0,7.892046,16.506185,10.471665
0.968000,6.770198,12.329116,0,7.884371,16.494203,10.473283
0.969000,6.782532,12.336997,0,7.876703,16.482232,10.474899
0.970000,6.794872,12.344869,0,7.869042,16.470273,10.476513
0.971000,6.807221,12.352735,0,7.861389,16.458325,10.478126
0.972000,6.819578,12.360592,0,7.853743,16.446389,10.479737
0.973000,6.831942,12.368442,0,7.846105,16.434465,10.481347
0.974000,6.844315,12.376284,0,7.838474,16.422552,10.482955
0.975000,6.856695,12.384119,0,7.830851,16.410651,10.484562
0.976000,6.869083,12.391946,0,7.823235,16.398761,10.486167
0.977000,6.881479,12.399766,0,7.815626,16.386883,10.487771
0.978000,6.893883,12.407577,0,7.808025,16.375017,10.489373
0.979000,6.906294,12.415382,0,7.800431,16.363162,10.490973
0.980000,6.918713,12.423178,0,7.792845,16.351319,10.492572
0.981000,6.931140,12.430967,0,7.785266,16.339487,10.494169
0.982000,6.943575,12.438749,0,7.777694,16.327666,10.495765
0.983000,6.956018,12.446523,0,7.770130,16.315857,10.497359
0.984000,6.968468,12.454289,0,7.762573,16.304060,10.498952
0.985000,6.980926,12.462048,0,7.755023,16.292274,10.500543
0.986000,6.993392,12.469799,0,7.747481,16.280500,10.502133
0.987000,7.005866,12.477543,0,7.739946,16.268737,10.503721
0.988000,7.018347,12.485279,0,7.732418,16.256985,10.505307
0.989000,7.030837,12.493008,0,7.724898,16.245245,10.506892
0.990000,7.043333,12.500729,0,7.717385,16.233516,10.508475
0.991000,7.055838,12.508442,0,7.709880,16.221799,10.510057
0.992000,7.068350,12.516149,0,7.702381,16.210093,10.511637
0.993000,7.080870,12.523847,0,7.694890,16.198399,10.513216
0.994000,7.093398,12.531538,0,7.687406,16.186715,10.514793
0.995000,7.105933,12.539222,0,7.679930,16.175044,10.516369
0.996000,7.118476,12.546898,0,7.672461,16.163383,10.517943
0.997000,7.131027,12.554567,0,7.664999,16.151734,10.519516
0.998000,7.143586,12.562228,0,7.657544,16.140096,10.521087
0.999000,7.156152,12.569882,0,7.650097,16.128470,10.522657
1.000000,7.168725,12.577528,0,7.642656,16.116855,10.524225
1.001000,7.181307,12.585167,0,7.635224,16.105251,10.525791
1.002000,7.193896,12.592799,0,7.627798,16.093658,10.527356
1.003000,7.206492,12.600423,0,7.620379,16.082077,10.528920
1.004000,7.219097,12.608040,0,7.612968,16.070507,10.530482
1.005000,7.231708,12.615649,0,7.605564,16.058948,10.532042
1.006000,7.244328,12.623251,0,7.598167,16.047401,10.533601
1.007000,7.256955,12.630845,0,7.590777,16.035865,10.535158
1.008000,7.269590,12.638432,0,7.583395,16.024339,10.536714
1.009000,7.282232,12.646012,0,7.576019,16.012826,10.538269
1.010000,7.294882,12.653584,0,7.568651,16.001323,10.539821
1.011000,7.307539,12.661149,0,7.561290,15.989831,10.541373
1.012000,7.320204,12.668707,0,7.553937,15.978351,10.542923
1.013000,7.332876,12.676257,0,7.546590,15.966882,10.544471
1.014000,7.345556,12.683800,0,7.539250,15.955424,10.546018
1.015000,7.358244,12.691336,0,7.531918,15.943977,10.547563
1.016000,7.370939,12.698864,0,7.524593,15.932541,10.549107
1.017000,7.383642,12.706385,0,7.517275,15.921117,10.550649
1.018000,7.396352,12.713898,0,7.509963,15.909703,10.552190
1.019000,7.409069,12.721405,0,7.502660,15.898301,10.553729
1.020000,7.421795,12.728904,0,7.495363,15.886910,10.555267
1.021000,7.434527,12.736395,0,7.488073,15.875530,10.556804
1.022000,7.447267,12.743880,0,7.480790,15.864160,10.558338
1.023000,7.460015,12.751357,0,7.473515,15.852802,10.559872
1.024000,7.472770,12.758827,0,7.466246,15.841455,10.561404
1.025000,7.485533,12.766290,0,7.458985,15.830119,10.562934
1.026000,7.498303,12.773745,0,7.451731,15.818794,10.564463
1.027000,7.511080,12.781193,0,7.444483,15.807480,10.565990
1.028000,7.523865,12.788634,0,7.437243,15.796177,10.567516
1.029000,7.536657,12.796067,0,7.430010,15.784885,10.569040
1.030000,7.549457,12.803494,0,7.422784,15.773604,10.570563
1.031000,7.562264,12.810913,0,7.415565,15.762334,10.572085
1.032000,7.575079,12.818325,0,7.408353,15.751075,10.573605
1.033000,7.587901,12.825730,0,7.401148,15.739827,10.575123
1.034000,7.600730,12.833127,0,7.393950,15.728590,10.576640
1.035000,7.613567,12.840518,0,7.386758,15.717364,10.578156
1.036000,7.626412,12.847901,0,7.379574,15.706149,10.579670
1.037000,7.639263,12.855277,0,7.372397,15.694944,10.581183
1.038000,7.652122,12.862646,0,7.365227,15.683751,10.582694
1.039000,7.664988,12.870007,0,7.358064,15.672568,10.584203
1.040000,7.677862,12.877362,0,7.350908,15.661396,10.585711
1.041000,7.690743,12.884709,0,7.343759,15.650235,10.587218
1.042000,7.703631,12.892049,0,7.336616,15.639085,10.588723
1.043000,7.716527,12.899382,0,7.329481,15.627946,10.590227
1.044000,7.729430,12.906708,0,7.322353,15.616818,10.591730
1.045000,7.742341,12.914027,0,7.315231,15.605700,10.593230
1.046000,7.755258,12.921339,0,7.308117,15.594594,10.594730
1.047000,7.768183,12.928643,0,7.301009,15.583498,10.596228
1.048000,7.781116,12.935941,0,7.293908,15.572413,10.597724
1.049000,7.794055,12.943231,0,7.286815,15.561338,10.599219
1.050000,7.807002,12.950514,0,7.279728,15.550275,10.600713
1.051000,7.819956,12.957791,0,7.272648,15.539222,10.602205
1.052000,7.832918,12.965060,0,7.265575,15.528180,10.603696
1.053000,7.845886,12.972322,0,7.258508,15.517149,10.605185
1.054000,7.858862,12.979577,0,7.251449,15.506128,10.606673
1.055000,7.871845,12.986825,0,7.244397,15.495118,10.608159
1.056000,7.884836,12.994065,0,7.237351,15.484119,10.609644
1.057000,7.897834,13.001299,0,7.230312,15.473130,10.611127
1.058000,7.910838,13.008526,0,7.223280,15.462153,10.612609
1.059000,7.923851,13.015746,0,7.216255,15.451186,10.614090
1.060000,7.936870,13.022959,0,7.209237,15.440229,10.615569
1.061000,7.949897,13.030164,0,7.202225,15.429283,10.617047
1.062000,7.962930,13.037363,0,7.195221,15.418348,10.618523
1.063000,7.975971,13.044555,0,7.188223,15.407424,10.619998
1.064000,7.989019,13.051739,0,7.181232,15.396510,10.621471
1.065000,8.002075,13.058917,0,7.174248,15.385607,10.622943
1.066000,8.015137,13.066088,0,7.167270,15.374714,10.624414
1.067000,8.028207,13.073252,0,7.160300,15.363832,10.625883
1.068000,8.041284,13.080409,0,7.153336,15.352960,10.627350
1.069000,8.054368,13.087558,0,7.146379,15.342099,10.628817
1.070000,8.067459,13.094701,0,7.139429,15.331249,10.630281
1.071000,8.080557,13.101837,0,7.132485,15.320409,10.631745
1.072000,8.093663,13.108966,0,7.125548,15.309580,10.633207
1.073000,8.106775,13.116088,0,7.118618,15.298761,10.634667
1.074000,8.119895,13.123204,0,7.111695,15.287953,10.636126
1.075000,8.133021,13.130312,0,7.104778,15.277156,10.637584
1.076000,8.146155,13.137413,0,7.097869,15.266368,10.639040
1.077000,8.159296,13.144507,0,7.090965,15.255592,10.640495
1.078000,8.172444,13.151595,0,7.084069,15.244825,10.641949
1.079000,8.185599,13.158676,0,7.077179,15.234070,10.643401
1.080000,8.198762,13.165749,0,7.070296,15.223324,10.644851
1.081000,8.211931,13.172816,0,7.063420,15.212590,10.646300
1.082000,8.225107,13.179876,0,7.056550,15.201865,10.647748
1.083000,8.238291,13.186929,0,7.049687,15.191151,10.649195
1.084000,8.251481,13.193976,0,7.042831,15.180448,10.650640
1.085000,8.264679,13.201015,0,7.035982,15.169755,10.652083
1.086000,8.277883,13.208048,0,7.029139,15.159072,10.653525
1.087000,8.291095,13.215073,0,7.022302,15.148400,10.654966
1.088000,8.304313,13.222092,0,7.015473,15.137738,10.656405
1.089000,8.317539,13.229104,0,7.008650,15.127086,10.657843
1.090000,8.330772,13.236109,0,7.001833,15.116445,10.659280
1.091000,8.344011,13.243108,0,6.995024,15.105814,10.660715
1.092000,8.357258,13.250099,0,6.988221,15.095193,10.662149
1.093000,8.370511,13.257084,0,6.981424,15.084583,10.663581
1.094000,8.383772,13.264062,0,6.974634,15.073983,10.665012
1.095000,8.397039,13.271034,0,6.967851,15.063394,10.666442
1.096000,8.410314,13.277998,0,6.961074,15.052814,10.667870
1.097000,8.423595,13.284956,0,6.954304,15.042245,10.669297
1.098000,8.436884,13.291907,0,6.947541,15.031687,10.670722
1.099000,8.450179,13.298851,0,6.940784,15.021138,10.672146
1.100000,8.463482,13.305788,0,6.934033,15.010600,10.673569
1.101000,8.476791,13.312719,0,6.927290,15.000072,10.674990
1.102000,8.490107,13.319643,0,6.920552,14.989554,10.676410
1.103000,8.503430,13.326560,0,6.913822,14.979047,10.677829
1.104000,8.516760,13.333470,0,6.907098,14.968550,10.679246
1.105000,8.530097,13.340374,0,6.900380,14.958063,10.680662
1.106000,8.543441,13.347271,0,6.893669,14.947586,10.682076
1.107000,8.556792,13.354162,0,6.886964,14.937119,10.683489
1.108000,8.570149,13.361045,0,6.880266,14.926663,10.684901
1.109000,8.583514,13.367922,0,6.873575,14.916216,10.686311
1.110000,8.596885,13.374792,0,6.866890,14.905780,10.687720
1.111000,8.610263,13.381656,0,6.860212,14.895354,10.689127
1.112000,8.623648,13.388513,0,6.853540,14.884938,10.690533
1.113000,8.637040,13.395363,0,6.846874,14.874533,10.691938
1.114000,8.650439,13.402206,0,6.840215,14.864137,10.693342
1.115000,8.663845,13.409043,0,6.833563,14.853751,10.694744
1.116000,8.677257,13.415874,0,6.826916,14.843376,10.696144
1.117000,8.690676,13.422697,0,6.820277,14.833011,10.697544
1.118000,8.704103,13.429514,0,6.813644,14.822656,10.698941
1.119000,8.717535,13.436324,0,6.807017,14.812310,10.700338
1.120000,8.730975,13.443128,0,6.800397,14.801975,10.701733
1.121000,8.744422,13.449925,0,6.793783,14.791650,10.703127
1.122000,8.757875,13.456716,0,6.787176,14.781335,10.704520
1.123000,8.771335,13.463500,0,6.780575,14.771030,10.705911
1.124000,8.784802,13.470277,0,6.773980,14.760735,10.707301
1.125000,8.798276,13.477048,0,6.767392,14.750450,10.708689
1.126000,8.811756,13.483812,0,6.760810,14.740176,10.710076
1.127000,8.825243,13.490569,0,6.754235,14.729911,10.711462
1.128000,8.838737,13.497320,0,6.747666,14.719656,10.712846
1.129000,8.852238,13.504065,0,6.741103,14.709411,10.714230
1.130000,8.865745,13.510802,0,6.734547,14.699176,10.715611
1.131000,8.879260,13.517534,0,6.727998,14.688951,10.716992
1.132000,8.892780,13.524258,0,6.721454,14.678735,10.718371
1.133000,8.906308,13.530977,0,6.714917,14.668530,10.719748
1.134000,8.919842,13.537688,0,6.708386,14.658335,10.721125
1.135000,8.933383,13.544393,0,6.701862,14.648150,10.722500
1.136000,8.946931,13.551092,0,6.695344,14.637974,10.723873
1.137000,8.960486,13.557784,0,6.688833,14.627809,10.725246
1.138000,8.974047,13.564470,0,6.682327,14.617653,10.726617
1.139000,8.987615,13.571149,0,6.675828,14.607507,10.727987
1.140000,9.001189,13.577821,0,6.669336,14.597371,10.729355
1.141000,9.014770,13.584487,0,6.662849,14.587245,10.730722
1.142000,9.028358,13.591147,0,6.656369,14.577129,10.732088
1.143000,9.041952,13.597800,0,6.649895,14.567023,10.733452
1.144000,9.055554,13.604447,0,6.643428,14.556926,10.734815
1.145000,9.069161,13.611087,0,6.636967,14.546840,10.736177
1.146000,9.082776,13.617721,0,6.630512,14.536763,10.737537
1.147000,9.096397,13.624348,0,6.624063,14.526696,10.738896
1.148000,9.110024,13.630969,0,6.617621,14.516638,10.740254
1.149000,9.123659,13.637583,0,6.611185,14.506591,10.741610
1.150000,9.137300,13.644191,0,6.604755,14.496553,10.742965
1.151000,9.150947,13.650793,0,6.598332,14.486525,10.744319
1.152000,9.164601,13.657388,0,6.591914,14.476507,10.745672
1.153000,9.178262,13.663977,0,6.585503,14.466498,10.747023
1.154000,9.191929,13.670559,0,6.579099,14.456499,10.748373
1.155000,9.205603,13.677135,0,6.572700,14.446510,10.749721
1.156000,9.219283,13.683704,0,6.566308,14.436531,10.751068
1.157000,9.232970,13.690267,0,6.559921,14.426561,10.752414
1.158000,9.246664,13.696824,0,6.553542,14.416602,10.753759
1.159000,9.260364,13.703374,0,6.547168,14.406651,10.755102
1.160000,9.274071,13.709918,0,6.540800,14.396711,10.756444
1.161000,9.287784,13.716456,0,6.534439,14.386780,10.757785
1.162000,9.301504,13.722987,0,6.528084,14.376859,10.759124
1.163000,9.315230,13.729512,0,6.521735,14.366947,10.760462
1.164000,9.328963,13.736031,0,6.515392,14.357045,10.761799
1.165000,9.342702,13.742543,0,6.509055,14.347153,10.763134
1.166000,9.356448,13.749049,0,6.502725,14.337270,10.764469
1.167000,9.370200,13.755548,0,6.496401,14.327397,10.765801
1.168000,9.383959,13.762042,0,6.490082,14.317533,10.767133
1.169000,9.397724,13.768529,0,6.483770,14.307680,10.768463
1.170000,9.411496,13.775009,0,6.477465,14.297835,10.769792
1.171000,9.425274,13.781483,0,6.471165,14.288001,10.771120
1.172000,9.439059,13.787952,0,6.464871,14.278175,10.772446
1.173000,9.452850,13.794413,0,6.458584,14.268360,10.773771
1.174000,9.466648,13.800869,0,6.452302,14.258554,10.775095
1.175000,9.480452,13.807318,0,6.446027,14.248757,10.776418
1.176000,9.494262,13.813761,0,6.439758,14.238970,10.777739
1.177000,9.508079,13.820197,0,6.433495,14.229193,10.779059
1.178000,9.521903,13.826628,0,6.427238,14.219425,10.780378
1.179000,9.535733,13.833052,0,6.420987,14.209666,10.781695
1.180000,9.549569,13.839470,0,6.414742,14.199917,10.783011
1.181000,9.563411,13.845881,0,6.408503,14.190178,10.784326
1.182000,9.577261,13.852287,0,6.402271,14.180448,10.785640
1.183000,9.591116,13.858686,0,6.396044,14.170727,10.786952
1.184000,9.604978,13.865079,0,6.389824,14.161016,10.788263
1.185000,9.618846,13.871466,0,6.383609,14.151314,10.789573
1.186000,9.632721,13.877846,0,6.377401,14.141622,10.790881
1.187000,9.646602,13.884220,0,6.371198,14.131939,10.792188
1.188000,9.660489,13.890588,0,6.365002,14.122266,10.793494
1.189000,9.674383,13.896950,0,6.358811,14.112602,10.794799
1.190000,9.688283,13.903306,0,6.352627,14.102947,10.796102
1.191000,9.702190,13.909656,0,6.346449,14.093302,10.797404
1.192000,9.716102,13.915999,0,6.340277,14.083666,10.798705
1.193000,9.730022,13.922336,0,6.334110,14.074040,10.800005
1.194000,9.743947,13.928667,0,6.327950,14.064423,10.801303
1.195000,9.757879,13.934992,0,6.321796,14.054815,10.802600
1.196000,9.771817,13.941311,0,6.315647,14.045217,10.803896
1.197000,9.785762,13.947623,0,6.309505,14.035628,10.805190
1.198000,9.799712,13.953930,0,6.303368,14.026048,10.806484
1.199000,9.813669,13.960230,0,6.297238,14.016478,10.807776
1.200000,9.827633,13.966524,0,6.291114,14.006917,10.809066
1.201000,9.841603,13.972812,0,6.284995,13.997365,10.810356
1.202000,9.855578,13.979094,0,6.278883,13.987822,10.811644
1.203000,9.869561,13.985370,0,6.272776,13.978289,10.812931
1.204000,9.883549,13.991640,0,6.266675,13.968765,10.814217
1.205000,9.897544,13.997903,0,6.260581,13.959250,10.815501
1.206000,9.911545,14.004161,0,6.254492,13.949745,10.816784
1.207000,9.925552,14.010412,0,6.248409,13.940249,10.818066
1.208000,9.939566,14.016658,0,6.242332,13.930762,10.819347
1.209000,9.953586,14.022897,0,6.236261,13.921284,10.820627
1.210000,9.967612,14.029130,0,6.230196,13.911816,10.821905
1.211000,9.981644,14.035357,0,6.224136,13.902356,10.823182
1.212000,9.995682,14.041579,0,6.218083,13.892906,10.824458
1.213000,10.009727,14.047794,0,6.212036,13.883465,10.825732
